电影名,评分,导演,演员,月份,类型,时长,语言,评论数,地区
['利刃出鞘 Knives Out'],['8.2'],['莱恩·约翰逊'],"['丹尼尔·克雷格', '安娜·德·阿玛斯', '克里斯·埃文斯', '杰米·李·柯蒂斯', '迈克尔·珊农', '唐·约翰逊', '托妮·科莱特', '勒凯斯·斯坦菲尔德', '克里斯托弗·普卢默', '凯瑟琳·兰福德', '杰登·马泰尔', '瑞琪·琳德赫姆', '艾迪·帕特森', '弗兰克·奥兹', 'K·卡兰', '诺阿·西甘', 'M·埃梅特·沃尔什', '玛琳娜·福特', '劳尔·卡斯提洛', '雪莉·罗德里格斯', '约瑟夫·高登-莱维特', '加布里埃尔·洛莱斯']",[],"['剧情', '喜剧', '悬疑', '犯罪']",['130'],[' 英语 / 西班牙语'],['500756'],[' 美国']
['我不是药神'],['9.0'],['文牧野'],"['徐峥', '王传君', '周一围', '谭卓', '章宇', '杨新鸣', '王佳佳', '王砚辉', '贾晨飞', '龚蓓苾', '宁浩', '李乃文', '岳小军', '苇青', '富冠铭', '巴拉特·巴蒂', '喜利图', '张海艳', '朱耕佑']","['07', '06']","['剧情', '喜剧']",['117'],[' 汉语普通话 / 英语 / 上海话 / 印地语'],['1491220'],[' 中国大陆']
['哪吒之魔童降世'],['8.5'],['饺子'],"['吕艳婷', '囧森瑟夫', '瀚墨', '陈浩', '绿绮', '张珈铭', '杨卫']",[],"['剧情', '喜剧', '动画', '奇幻']",['110'],[' 汉语普通话'],['1423315'],[' 中国大陆']
['少年的你'],['8.3'],['曾国祥'],"['周冬雨', '易烊千玺', '尹昉', '周也', '吴越', '黄觉', '张艺凡', '张耀', '张歆怡', '赵润南', '郜玄铭', '谢欣桐', '刘然', '何廖侣匀', '胖虎', '罗俊林']",[],"['剧情', '爱情', '犯罪']",['135'],[' 汉语普通话'],['1052636'],[' 中国大陆']
['春潮'],['7.2'],['杨荔钠'],"['郝蕾', '金燕玲', '曲隽希', '李文波', '黄尚禾']",[],"['剧情', '家庭']",['124'],[' 汉语普通话'],['20932'],[' 中国大陆']
['流浪地球'],['7.9'],['郭帆'],"['屈楚萧', '吴京', '李光洁', '吴孟达', '赵今麦', '隋凯', '屈菁菁', '张亦驰', '杨皓宇', '阿尔卡基·沙罗格拉茨基', '李虹辰', '杨轶', '姜志刚', '张欢', '雷佳音', '宁浩', '刘慈欣', '郭京飞', '王智', '张子贤', '路阳', '张宁', '张小北', '饶晓志', '陶珞依', '吴晓亮', '龚格尔', '郭帆']",[],"['科幻', '冒险', '灾难']",['125'],[' 汉语普通话 / 英语 / 俄语 / 法语 / 日语 / 韩语 / 印尼语'],['1529619'],[' 中国大陆']
['绿皮书 Green Book'],['8.9'],['彼得·法雷里'],"['维果·莫腾森', '马赫沙拉·阿里', '琳达·卡德里尼', '塞巴斯蒂安·马尼斯科', '迪米特·D·马里诺夫', '迈克·哈顿', 'P·J·伯恩', '乔·柯蒂斯', '玛姬·尼克松', '冯·刘易斯', '乔恩·索特兰', '唐·斯达克', '安东尼·曼加诺', '保罗·斯隆', '珍娜·劳伦索', '肯尼斯·以色列', '伊克博·塞巴', '尼克·瓦莱隆加', '大卫·安', '迈克·切罗内', '杰拉尔丁·辛格', '马丁·巴特斯·布拉德福德', '格拉伦·布莱恩特·班克斯', '汤姆·维图', '夏恩·帕特洛', '丹尼斯·W·霍尔', '吉姆·克洛克', '戴恩·罗兹', '布赖恩·斯特帕尼克', '乔恩·迈克尔·戴维斯', '布莱恩·库瑞', '托尼亚·马尔多纳多']","['09', '11']","['剧情', '喜剧', '传记']",['130'],[' 英语 / 意大利语 / 俄语 / 德语'],['1067982'],[' 美国']
['误杀'],['7.7'],['柯汶利'],"['肖央', '谭卓', '陈冲', '姜皓文', '秦沛', '边天扬', '许文姗', '张熙然', '施名帅', '黄健玮']",[],"['剧情', '悬疑', '犯罪']",['112'],[' 汉语普通话'],['536419'],[' 中国大陆']
['我和我的祖国'],['7.8'],"['陈凯歌', '张一白', '管虎', '薛晓路', '徐峥', '宁浩', '文牧野']","['黄渤', '张译', '韩昊霖', '杜江', '葛优', '刘昊然', '宋佳', '王千源', '任素汐', '吴京', '朱一龙', '王东', '陈飞宇', '佟丽娅', '欧豪', '张嘉译', '惠英红', '龚蓓苾', '田壮壮', '韩东君', '辛柏青', '周冬雨', '任达华', '江珊', '王砚辉', '耿乐', '姜武', '梁静', '佟大为', '魏晨', '胡军', '王天辰', '彭昱畅', '罗海琼', '郭丞', '周依然', '樊雨洁', '刘涛', '马伊琍', '张建亚', '徐峥', '王洛勇', '高亚麟', '王道铁', '程禹森', '马书良', '景海鹏', '陈冬', '雷佳音', '张子枫', '陶虹', '郭京飞', '袁文康', '贾晨飞', '邵汶', '张芝华', '段博文', '郎平']",[],['剧情'],['155'],[' 汉语普通话'],['734439'],[' 中国大陆']
['头号玩家 Ready Player One'],['8.7'],['史蒂文·斯皮尔伯格'],"['泰伊·谢里丹', '奥利维亚·库克', '本·门德尔森', '马克·里朗斯', '丽娜·维特', '森崎温', '赵家正', '西蒙·佩吉', 'T·J·米勒', '汉娜·乔恩-卡门', '拉尔夫·伊内森', '苏珊·林奇', '克莱尔·希金斯', '劳伦斯·斯佩尔曼', '佩蒂塔·维克斯', '艾萨克·安德鲁斯']","['03', '03', '03']","['动作', '科幻', '冒险']",['140'],[' 英语 / 日语 / 汉语普通话'],['1009339'],[' 美国']
['西虹市首富'],['6.6'],"['闫非', '彭大魔']","['沈腾', '宋芸桦', '张一鸣', '张晨光', '常远', '魏翔', '赵自强', '九孔', '李立群', '王成思', '徐冬冬', '艾伦', '杨皓宇', '黄才伦', '王力宏', '包贝尔', '郎咸平', '张绍刚', '杨文哲', '陶亮', '王赞', '黄杨', '刘鉴', '杨沅翰', '林炳宝', '骆佳', '陈昊明', '臧一人']",['07'],['喜剧'],['118'],[' 汉语普通话'],['783192'],[' 中国大陆']
['寄生虫 기생충'],['8.7'],['奉俊昊'],"['宋康昊', '李善均', '赵汝贞', '崔宇植', '朴素丹', '李静恩', '张慧珍', '郑知晓', '朴明勋', '朴叙俊', '朴根祿', '郑贤俊', '朴孝新', '安德烈亚斯·弗龙克']",[],"['剧情', '喜剧']",['132'],[' 韩语 / 英语'],['966100'],[' 韩国']
['复仇者联盟4：终局之战 Avengers: Endgame'],['8.5'],"['安东尼·罗素', '乔·罗素']","['小罗伯特·唐尼', '克里斯·埃文斯', '马克·鲁弗洛', '克里斯·海姆斯沃斯', '斯嘉丽·约翰逊', '杰瑞米·雷纳', '保罗·路德', '凯伦·吉兰', '唐·钱德尔', '布丽·拉尔森', '布莱德利·库珀', '泰莎·汤普森', '汤姆·赫兰德', '伊丽莎白·奥尔森', '本尼迪克特·康伯巴奇', '蒂尔达·斯文顿', '格温妮斯·帕特洛', '蕾妮·罗素', '约翰·斯拉特里', '查德维克·博斯曼', '安东尼·麦凯', '塞巴斯蒂安·斯坦', '克里斯·帕拉特', '汤姆·希德勒斯顿', '佐伊·索尔达娜', '丹娜·奎里拉', '本尼迪克特·王', '庞·克莱门捷夫', '戴夫·巴蒂斯塔', '利蒂希娅·赖特', '伊万杰琳·莉莉', '乔恩·费儒', '海莉·阿特维尔', '娜塔莉·波特曼', '玛丽莎·托梅', '塔伊加·维迪提', '安吉拉·贝塞特', '迈克尔·道格拉斯', '米歇尔·菲佛', '威廉·赫特', '寇碧·史莫德斯', '肖恩·古恩', '温斯顿·杜克', '琳达·卡德里尼', '马克斯米利亚诺·赫尔南德斯', '弗兰克·格里罗', '真田广之', '汤姆-沃恩-劳勒', '詹姆斯·达西', '雅各布·巴特朗', '范·迪塞尔', '罗伯特·雷德福', '乔什·布洛林', '塞缪尔·杰克逊', '伊薇特·尼科尔·布朗', '卡梅伦·布鲁姆布罗', '蒂莫西·卡尔', '凯瑞·康顿', '迈克尔·A·库克', '凯莉·库恩', '艾玛·福尔曼', '雷纳·加拉赫', '丹妮拉·加斯基', '郑肯', '小弗洛伊德·安东尼·约翰', '斯坦·李', '罗斯·马昆德', '布伦特·麦吉', '迈克尔·皮耶里诺·米勒', '卡兰·马尔韦', '泰瑞·诺塔里', '吉米·雷·皮肯斯', '迈克尔·詹姆斯·肖', '泰·辛普金斯', '格雷格·蒂芬']",[],"['动作', '科幻', '奇幻', '冒险']",['181'],[' 英语 / 日语 / 科萨语'],['841006'],[' 美国']
['唐人街探案2'],['6.7'],['陈思诚'],"['王宝强', '刘昊然', '肖央', '刘承羽', '尚语贤', '王迅', '妻夫木聪', '迈克尔·皮特', '白灵', '元华', '曾江', '王成思', '杨金赐', '范湉湉', '佟丽娅', '陈思诚']",['02'],"['喜剧', '动作', '悬疑']",['121'],[' 汉语普通话'],['696084'],[' 中国大陆']
['红海行动'],['8.3'],['林超贤'],"['张译', '黄景瑜', '海清', '杜江', '蒋璐霞', '尹昉', '王强', '郭家豪', '王雨甜', '麦亨利', '张涵予', '王彦霖']",['02'],"['动作', '战争']",['138'],[' 汉语普通话 / 阿拉伯语 / 英语 / 索马里语 / 粤语'],['811188'],[' 中国大陆 / 中国香港']
['何以为家 كفرناحوم'],['9.1'],['娜丁·拉巴基'],"['赞恩·阿尔·拉菲亚', '约丹诺斯·希费罗', '博鲁瓦蒂夫·特雷杰·班科尔', '卡萨尔·艾尔·哈达德', '法迪·尤瑟夫', '海塔·塞德拉·伊扎姆', '阿拉·乔什涅', '娜丁·拉巴基', '埃利亚斯·库利', '努尔·艾尔·侯赛尼']","['05', '09']",['剧情'],['126'],[' 阿拉伯语 / 阿姆哈拉语'],['652069'],[' 黎巴嫩 / 法国 / 美国']
['小丑 Joker'],['8.7'],['托德·菲利普斯'],"['华金·菲尼克斯', '罗伯特·德尼罗', '马克·马龙', '莎姬·贝兹', '谢伊·惠格姆', '弗兰西丝·康罗伊', '布莱恩·考伦', '布莱恩·泰里·亨利', '布莱特·卡伦', '道格拉斯·霍奇斯', '格伦·弗莱施勒', '比尔·坎普', '乔什·帕斯', '但丁·佩雷拉-奥尔森', '玛丽·凯特·马拉特', '迈克尔·本茨', '莎珑·华盛顿', '桑德拉·詹姆斯', '托尼·赫德', '曼德拉·贝拉米', '乔·奥克曼', '卡尔·伦德施泰特', '米克·奥罗克', '大卫·吉布森', '伊万·罗萨多', '安妮·比萨比亚', '布莱斯·科里根', '乔恩·道格拉斯·雷尼', '艾恩斯利·丹恩', '杰森·约翰·奇卡莱塞']",[],"['剧情', '惊悚', '犯罪']",['122'],[' 英语'],['701598'],[' 美国 / 加拿大']
['调音师 Andhadhun'],['8.3'],['斯里兰姆·拉格万'],"['阿尤斯曼·库拉纳', '塔布', '拉迪卡·艾普特', '安尔·德霍万', '马纳夫·维吉', '阿什维尼·卡尔塞卡', '查亚·卡达姆', '萨基尔·侯赛因', '拉什米·阿格德卡', '莫希尼·凯瓦拉曼']",['10'],"['喜剧', '悬疑', '惊悚', '犯罪']",['139'],[' 印地语 / 英语'],['666997'],[' 印度']
['天气之子 天気の子'],['7.1'],['新海诚'],"['醍醐虎汰朗', '森七菜', '小栗旬', '本田翼', '倍赏千惠子', '吉柳咲良', '平泉成', '梶裕贵', '木村良平', '柴田秀胜', '野泽雅子', '花泽香菜', '佐仓绫音']",[],"['爱情', '动画', '奇幻']",['111'],[' 日语'],['178180'],[' 日本']
['飞驰人生'],['6.9'],['韩寒'],"['沈腾', '黄景瑜', '尹正', '张本煜', '尹昉', '田雨', '魏翔', '赵文瑄', '腾格尔', '易小星', '李庆誉', '高华阳', '刘帅良', '李玲玉', '何穗', '潘晓婷', '田原', '李春嫒', '冯绍峰']",[],['喜剧'],['98'],[' 汉语普通话 / 英语'],['735085'],[' 中国大陆']
['超人总动员2 Incredibles 2'],['7.9'],['布拉德·伯德'],"['格雷格·T·尼尔森', '霍利·亨特', '莎拉·沃威尔', '赫克·米尔纳', '伊莱·富西尔', '凯瑟琳·基纳', '塞缪尔·杰克逊', '伊莎贝拉·罗西里尼', '鲍勃·奥登科克', '布拉德·伯德', '索菲亚·布什', '乔纳森·班克斯', '约翰·拉岑贝格', '金伯利·阿代尔·克拉克', '托亚·特纳']","['06', '06']","['喜剧', '动作', '动画', '冒险']",['118'],[' 英语'],['210611'],[' 美国']
['速度与激情：特别行动 Fast &amp; Furious Presents: Hobbs &amp; Shaw'],['6.3'],['大卫·雷奇'],"['道恩·强森', '杰森·斯坦森', '伊德里斯·艾尔巴', '凡妮莎·柯比', '艾莎·冈萨雷斯', '海伦·米伦', '瑞恩·雷诺兹', '凯文·哈特', '埃迪·马森', '罗曼·雷恩斯', '斯蒂芬妮·沃格特', '维克托里娅·菲斯', '康兰·卡萨尔', '海伦娜·福尔摩斯', '伯纳多·桑托斯', '露丝·霍洛克斯', '大卫·穆梅尼', '马诺伊·阿南德', '阿玛尔·阿达蒂亚', '朱利安·费罗', '丹尼尔·厄根', '拉普洛斯·卡伦福佐斯', '阿克塞尔·努', '史蒂夫·莱温顿', '安东尼奥·曼奇诺', '斯特拉·斯托克尔', '克利夫·柯蒂斯']",[],"['动作', '犯罪']",['137'],[' 英语 / 萨摩亚语 / 俄语'],['202686'],[' 美国']
['密室逃生 Escape Room'],['7.2'],['亚当·罗比特尔'],"['泰勒·拉塞尔', '洛根·米勒', '黛博拉·安沃尔', '泰勒·莱伯恩', '杰·埃利斯', '尼克·多达尼', '杰西卡·萨顿', '约里克·范·韦杰宁根', '杰米-李·蒙尼', '亚当·罗比特尔', '韦尔·廷德尔', '肯尼思·霍', '科尼利厄斯·吉尼', '保罗·汉普赛尔', '佩泰·塞彭克', '丹·格伦伯格', '吉诺·李']",[],"['悬疑', '惊悚']",['99'],[' 英语'],['187068'],[' 美国 / 南非']
['“大”人物'],['6.5'],['五百'],"['王千源', '包贝尔', '王迅', '王砚辉', '屈菁菁', '周游', '韩烨洲', '盖玥希', '刘敏涛', '梅婷', '潘粤明', '乔振宇', '景岗山', '杜源', '高捷', '寇占文', '刘天佐', '马浴柯', '霍青', '邢瀚卿', '李蓓蕾', '万沛鑫', '张皓然', '谢孟伟', '姜寒', '肖涵', '吕晓霖', '马京京', '黎宇航', '成方旭', '王子清', '王昱涵', '王昱淇', '郭紫铭', '要武', '滕根', '张奥']",[],"['动作', '犯罪']",['107'],[' 汉语普通话'],['175339'],[' 中国大陆']
['狄仁杰之四大天王'],['6.1'],['徐克'],"['赵又廷', '冯绍峰', '林更新', '阮经天', '马思纯', '刘嘉玲', '盛鉴', '杨一威', '唐古特·宝日夫', '张傲月', '孙蛟龙', '汪汐潮', '铁男', '李炳雷', '许明虎']",['07'],"['动作', '悬疑', '奇幻', '武侠', '古装']",['132'],[' 汉语普通话'],['234376'],[' 中国大陆 / 中国香港']
['火口的两人 火口のふたり'],['7.1'],['荒井晴彦'],"['柄本佑', '泷内公美']",[],['爱情'],['115'],[' 日语'],['23364'],[' 日本']
['海市蜃楼 Durante la tormenta'],['7.8'],['奥里奥尔·保罗'],"['阿德里亚娜·乌加特', '奇诺·达林', '阿尔瓦罗·莫奇', '诺拉·纳瓦斯', '哈维尔·古铁雷斯', '米格尔·费南德斯', '克拉拉·塞古拉', '米玛·里埃拉', '艾娜·克洛特', '阿尔伯特·佩雷斯', '弗兰塞斯克·奥雷利亚', '阿娜·瓦格纳', '西尔维亚·阿隆索', '贝伦·鲁埃达']",['11'],"['科幻', '悬疑', '惊悚']",['128'],[' 西班牙语'],['267767'],[' 西班牙']
['大象席地而坐'],['8.1'],['胡波'],"['彭昱畅', '章宇', '王玉雯', '李从喜', '董向荣', '王柠', '赵燕国彰', '朱颜曼滋', '凌正辉', '王超北', '王雪洋']",['02'],['剧情'],['234'],[' 汉语普通话'],['121631'],[' 中国大陆']
['血液机器 Blood Machines'],['6.6'],['Seth Ickerman'],"['艾莉莎·拉索斯基', '安德斯·亨里奇森', 'Christian Erickson', 'Natasha Cashman', 'Walter Dickerson', 'Joëlle Berckmans', 'Alexandra Flandrin', 'Noémie Stevens', 'Marion Levavasseur', 'Garance Silve', 'Vera Lavender', 'Anna Bozovic', 'Agathe Dewispelaere', 'Justine Dibling', 'Juliet Doucet']",[],['科幻'],['50'],[' 英语'],['1682'],[' 法国']
['多哥 Togo'],['8.8'],['埃里克松·科尔'],"['威廉·达福', '朱丽安妮·尼科尔森', '克里斯托弗·赫耶达尔', '理查德·多默', '阿德里安·多瓦尔', '玛德琳·威金斯', '麦克尔·格雷耶斯', '妮维·尼尔森', '尼古拉·尼克拉斐', '托尔比约恩·哈尔', '凯瑟琳·麦格雷戈', '迈克尔·麦克埃尔哈顿', '保罗·皮斯科斯基', '迈克尔·加斯顿', '肖恩·本森', '杰米·麦克沙恩', '巴布·米切尔', '大卫·博特', '杰夫·汉尼']",[],"['剧情', '冒险']",['113'],[' 英语'],['44845'],[' 美国']
['扫毒2天地对决 掃毒2：天地對決'],['6.0'],['邱礼涛'],"['刘德华', '古天乐', '苗侨伟', '林嘉欣', '周秀娜', '应采儿', '陈家乐', '卫诗雅', '郑则仕', '张国强', '陈佩诗', '狼森', '欧阳靖', '恭硕良', '林家栋', '李赏', '张竣杰', '李灿森', '谭小环']",[],"['剧情', '动作', '悬疑', '犯罪']",['99'],[' 汉语普通话 / 粤语'],['203407'],[' 中国大陆 / 中国香港']
['爱尔兰人 The Irishman'],['8.8'],['马丁·斯科塞斯'],"['罗伯特·德尼罗', '阿尔·帕西诺', '乔·佩西', '安娜·帕奎因', '杰西·普莱蒙', '哈威·凯特尔', '斯蒂芬·格拉汉姆', '鲍比·坎纳瓦尔', '杰克·休斯顿', '阿莱卡萨·帕拉迪诺', '凯瑟琳·纳杜奇', '多米尼克·隆巴多兹', '雷·罗马诺', '塞巴斯蒂安·马尼斯科', '杰克·霍夫曼', '保罗·本-维克托', '斯蒂芬妮·库尔特祖巴', '莎伦·菲弗', '路易斯·坎瑟米', '茵迪亚·恩能加', 'J.C.麦肯泽', '巴里·普赖默斯', '吉姆·诺顿', '盖里·巴萨拉巴', '玛格丽特·安妮·佛罗伦斯', '约翰·斯库蒂', '约翰·塞纳迭姆博', '大卫·阿隆·贝克', '桃乐丝·麦卡锡', '凯文·凯恩', '加里·帕斯托雷', '约瑟夫·罗素', '凯文·奥罗克', '娜塔莎·罗曼诺娃', '杰里米·卢克', '凯莉·P·威廉姆斯', '詹妮弗·马奇', '保罗·鲍格才', '蒂姆·内夫', '斯蒂芬·梅尔勒', '克雷格·文森特', '比利·史密斯', '布莱斯·科里根', '斯泰西·爱丽丝·科恩', '吉诺·卡法雷利', '拉里·罗曼诺', '罗伯特·富纳罗', '维罗妮卡·阿利奇诺', '克劳黛特·拉利', '詹姆斯·洛林兹', '阿什莉·诺斯', '肯·斯拉迪克', '帕特里克·加洛']",[],"['剧情', '传记', '犯罪']",['209'],[' 英语 / 意大利语 / 拉丁语 / 西班牙语'],['185677'],[' 美国']
['瞒天过海：美人计 Ocean&#39;s Eight'],['6.7'],['盖瑞·罗斯'],"['桑德拉·布洛克', '凯特·布兰切特', '安妮·海瑟薇', '海伦娜·伯翰·卡特', '蕾哈娜', '莎拉·保罗森', '敏迪·卡灵', '奥卡菲娜', '詹姆斯·柯登', '理查德·阿米蒂奇', '格里芬·邓恩', '迪德尔·古德温', '丹尼埃拉·拉贝尼', '埃利奥特·古尔德', '夏洛特·柯克', '达科塔·范宁', '理查德·罗比查乌克斯', '达米安·杨', '戈登·格里克', '凯特琳·梅纳', '詹姆斯·比贝里', '香农·弗雷尔', '康纳尔·多诺万', '凯文·布朗', '马尔洛·托马斯', '丹娜·爱薇', '玛丽·路易丝·威尔逊', '伊丽莎白·阿什利', '凯蒂·霍尔姆斯', '肯多尔·詹娜', '凯莉·詹娜', '金·卡戴珊']",['06'],"['喜剧', '犯罪']",['110'],[' 英语 / 印地语 / 法语 / 德语 / 汉语普通话'],['203511'],[' 美国']
['给我翅膀 Donne-moi des ailes'],['8.6'],['尼古拉·瓦尼埃'],"['让-保罗·卢弗', '梅拉妮·杜泰', '路尔斯·瓦兹奎兹', '弗雷德里克·索雷尔', '丽露·弗格利', '葛里高利·巴奎特', '多米尼克·皮侬', '费利佩·曼吉安', '阿丽安·皮瑞', '克里斯汀·布雷康尼尔', '西里尔·内克尔', '塞德里克·梅斯伯格', '米里耶勒·休伊特·奥奈', '雅克·热尔曼', '马蒂厄·瓦尔特', '英加·海尔格·吉姆勒']",[],['冒险'],['113'],[' 法语'],['5531'],[' 法国']
['恶人传 악인전'],['7.7'],['李元泰'],"['马东锡', '金武烈', '金成圭', '刘承睦', '崔民哲', '金胤成', '许栋元', '吴熙俊', '杨志洙', '金洁', '李恩泉', '刘在明']",[],"['剧情', '动作', '犯罪']",['109'],[' 韩语'],['193200'],[' 韩国']
"['爱你，西蒙 Love, Simon']",['8.3'],['格里格·伯兰蒂'],"['尼克·罗宾森', '詹妮弗·加纳', '乔什·杜哈明', '小豪尔赫·兰登伯格', '凯瑟琳·兰福德', '亚历山德拉·希普', '洛根·米勒', '凯南·朗斯代尔', '特丽莎·贝特曼', '托尼·海尔', '娜塔莎·罗斯韦尔', '迈尔斯·赫尔泽', '乔伊·保罗瑞', '克拉克·穆尔', '德鲁·斯塔基', '麦肯兹·林茨', '卡萨迪·麦克林西', '艾莉克斯·斯甘巴蒂', '贾米拉·汤普森', '艾米丽·乔丹', '帕特里克·多诺霍', '特雷勒·希尔', '泰勒·切斯', '哈龙·汗', '约书亚·米克尔', '尼古拉斯·斯塔格尔', '南茜·德·梅奥', '克里斯蒂安·奥乔·梅菲尔德', '钱特尔·D·克里斯托弗', '曼迪·法森', '菲利普·科文', '罗比·罗杰斯']",['03'],"['喜剧', '爱情', '同性']",['110'],[' 英语'],['175942'],[' 美国']
['极限职业 극한직업'],['7.7'],['李炳宪'],"['柳承龙', '李荷妮', '陈善圭', '李东辉', '孔明', '申河均', '吴政世', '许俊硕', '金义城', '宋英奎']",[],"['喜剧', '动作', '犯罪']",['111'],[' 韩语 / 汉语普通话 / 英语 / 日语'],['117619'],[' 韩国']
['只有芸知道'],['6.4'],['冯小刚'],"['黄轩', '杨采钰', '徐帆', '莉迪亚·佩克汉', '赵淑珍', '张洪杰', '茹萍']",[],"['剧情', '爱情']",['132'],[' 汉语普通话 / 英语'],['129011'],[' 中国大陆']
['使徒行者2：谍影行动'],['6.3'],['文伟鸿'],"['张家辉', '古天乐', '吴镇宇', '姜珮瑶', '张亦驰', '刘宇宁', '黄志忠', '蔡洁', '马德钟', '袁伟豪', '陈山聪', '王君馨', '张宝儿', '江嘉敏', '李忠希', '刘楚恬', '欧瑞伟', '郑启泰', '黄祥兴', '徐荣', '林伟', '吴瑞庭', '卫志豪', '黎振烨', '汤洛雯', '许绍雄', '关婉珊']",[],"['剧情', '动作', '犯罪']",['98'],[' 粤语 / 汉语普通话'],['161171'],[' 中国大陆 / 中国香港']
['纽约的一个雨天 A Rainy Day in New York'],['7.5'],['伍迪·艾伦'],"['蒂莫西·柴勒梅德', '艾丽·范宁', '赛琳娜·戈麦斯', '裘德·洛', '迭戈·卢纳', '列维·施瑞博尔', '苏琪·沃特豪斯', '凯莉·罗尔巴赫', '丽贝卡·豪尔', '安娜莱吉·阿什福特', '切莉·琼斯', '葛瑞芬·纽曼', '凯瑟琳·利·斯科特', '娜塔莎·罗曼诺娃', '维尔·罗杰斯', '雅各布·伯格', '克里斯·班克斯', '艾恩斯利·丹恩', '马科·查卡', '达里尔·鲁本·霍尔', '泰勒·布莱克', '唐·斯蒂芬森']",[],"['喜剧', '爱情']",['92'],[' 英语'],['66230'],[' 美国']
['昆池岩 곤지암'],['6.1'],['郑凡植'],"['魏化儁', '朴智炫', '吴雅妍', '文艺媛', '朴成焄', '刘帝允', '李承旭']",['03'],['恐怖'],['94'],[' 韩语'],['137462'],[' 韩国']
['古墓丽影：源起之战 Tomb Raider'],['6.0'],['罗阿尔·乌索格'],"['艾丽西亚·维坎德', '多米尼克·韦斯特', '沃尔顿·戈金斯', '吴彦祖', '克里斯汀·斯科特·托马斯', '汉娜·乔恩-卡门', '尼克·弗罗斯特', '德里克·雅各比', '安东尼奥·阿克儿', '亚历山大·维尧姆', '杰美·温斯顿', '迈克尔·奥拜奥拉', '艾米丽·凯里', '肯尼思·霍']",['03'],"['动作', '冒险']",['118'],[' 英语'],['130273'],[' 美国']
['热带雨'],['7.7'],['陈哲艺'],"['杨雁雁', '许家乐', '李铭顺', '杨世彬']",[],['剧情'],['103'],[' 英语 / 汉语普通话 / 福建话'],['19170'],[' 新加坡 / 中国台湾']
['阳光姐妹淘 SUNNY 強い気持ち・強い愛'],['8.3'],['大根仁'],"['筱原凉子', '广濑铃', '板谷由夏', '小池荣子', '友坂理惠', '渡边直美', '池田依来沙', '山本舞香', '野田美櫻', '田边桃子', '富田望生', '三浦春马', '中川雅也', '新井浩文', '矢本悠马']",['08'],"['剧情', '喜剧', '歌舞']",['119'],[' 日语'],['40392'],[' 日本']
['胡桃夹子和四个王国 The Nutcracker And The Four Realms'],['6.0'],"['拉斯·霍尔斯道姆', '乔·庄斯顿']","['麦肯吉·弗依', '摩根·弗里曼', '凯拉·奈特莉', '马修·麦克费登', '海伦·米伦', '艾丽·巴姆博', '米兰达·哈特', '欧赫尼奥·德尔维斯', '杰克·怀特霍尔', '理查德·E·格兰特', '谢尔盖·波卢宁', '欧米德·吉亚李利', '梅拉·沙尔', '尼克·穆罕默德', '杰茜·维宁', '汤姆·斯威特', '马里安·洛伦西克', '芙洛·费拉科', '丽塔-麦克唐纳丹帕', '查尔斯·斯特里特']",['11'],"['奇幻', '冒险']",['99'],[' 英语'],['72405'],[' 美国']
['亲爱的新年好'],['5.7'],['彭宥纶'],"['白百何', '张子枫', '魏大勋', '许娣', '李建义', '吕星辰', '袁文康', '温升豪', '海一天', '刘畅', '吕聿来', '赵子琪', '吴昊宸', '白举纲', '赵天宇', '赵阳']",[],"['剧情', '爱情']",['110'],[' 汉语普通话'],['59161'],[' 中国大陆']
['朱迪 Judy'],['7.5'],['鲁伯特·古尔德'],"['蕾妮·齐薇格', '贝拉·拉姆齐', '卢夫斯·塞维尔', '杰西·巴克利', '迈克尔·刚本', '勒温·劳埃德', '芬·维特洛克', '安迪·尼曼', '费奈拉·伍尔加', '罗伊斯·皮尔逊', '约翰·达格尔什', '菲尔·邓斯特', '露西·拉塞尔', '嘉玛-莉亚·德弗罗', '菲利普·斯波', '蒂姆·埃亨', '宾利·卡鲁', '朱利安·费罗', '伊斯雷尔·鲁兹']",[],"['剧情', '爱情', '传记']",['118'],[' 英语'],['26385'],[' 英国']
['小羊肖恩2：末日农场 A Shaun the Sheep Movie: Farmageddon'],['7.7'],"['威尔·比彻', '理查德·费兰']","['贾斯汀·弗莱彻', '约翰·斯帕克斯', '克里斯·莫雷尔', '安迪·尼曼', '戴维·霍尔特', '凯特·哈伯', '阿玛莉亚·维塔莱', '乔·萨格']",[],"['喜剧', '科幻', '动画', '冒险']",['87'],[' 英语'],['13859'],[' 英国 / 法国 / 美国']
['柳烈的音乐专辑 유열의 음악앨범'],['7.8'],['郑址宇'],"['金高银', '丁海寅', '朴海俊', '金国熙', '郑幼贞', '崔俊英']",[],"['剧情', '爱情']",['122'],[' 韩语'],['40897'],[' 韩国']
['你会在20岁时死去 ستموت في العشرين'],['7.3'],['Amjad Abu Alala '],"['Mazin Ahmed', 'Talal Afifi', 'Moatasem Rashed', 'Mustafa Shehata', 'Bonna Khalid', 'Hassan Ali', 'Islam Mubarak', 'Mahmoud Alsarraj', 'Mohamed Khalil']",[],['剧情'],['105'],[' 阿拉伯语'],['1001'],[' 苏丹']
['一个明星的诞生 A Star Is Born'],['7.3'],['布莱德利·库珀'],"['Lady Gaga', '布莱德利·库珀', '山姆·艾里奥特', '安德鲁·戴斯·克雷', '拉菲·格拉沃恩', '安东尼·拉莫斯', '大卫·查普尔', '亚历克·鲍德温', '马龙·威廉姆斯', '布兰迪·卡莉', '朗·瑞弗金', '巴里·沙巴卡·亨利', '迈克尔·D·罗伯茨', '迈克尔·哈尔尼', '丽贝卡·菲尔德', '威廉·贝利', '格雷戈·格伦伯格', 'D·J·尚格拉·皮尔斯', '德瑞娜·德尼罗', '艾迪·格里芬', '哈尔希', '马修·利巴提克', '路奈尔·坎贝尔', '唐·渥斯', '伦尼·卡斯特罗', '唐·罗伊·金', '格雷戈里·斯卡尔尼奇', '弗兰克·安妮罗', '杰尔马诺·布兰科', '梅根·豪恩', '马克·查普曼', '史蒂文·西塞罗', '阿曼达·菲尔茨', '阿尔弗雷德·加比杜林', '弗雷德里克·基夫']","['08', '10']","['剧情', '爱情', '音乐']",['135'],[' 英语'],['97451'],[' 美国']
['罗马 Roma'],['8.2'],['阿方索·卡隆'],"['雅利扎·阿巴里西奥', '玛丽娜·德·塔维拉', '迭戈·科蒂娜·奥特里', '卡洛斯·佩拉尔塔', '马科·格拉夫', '丹妮拉·德米萨', '南茜·加西亚', '维罗妮卡·加西亚', '安迪·科特斯', '费尔南多·格雷迪亚加', '豪尔赫·安东尼奥·格雷罗', '拉丁·洛弗']","['08', '12']","['剧情', '家庭']",['135'],[' 西班牙语 / 英语 / 日语 / 德语 / 法语 / 挪威语'],['112852'],[' 美国 / 墨西哥']
['瘦身大作战 Я худею'],['7.4'],['Aleksey Nuzhnyy'],['亚历山德拉·伯蒂奇'],['03'],['喜剧'],['102'],[' 俄语'],['834'],[' 俄罗斯']
['无主之作 Werk ohne Autor'],['8.6'],['弗洛里安·亨克尔·冯·多纳斯马尔克'],"['汤姆·希林', '塞巴斯蒂安·科赫', '葆拉·贝尔', '莎斯琪亚·罗森道尔', '奥利弗·马苏奇', '叶甫根尼·希迪金', '马克·扎克', '乌尔里克·C·扎勒', '巴斯蒂安·特罗斯特', '汉斯-尤韦·鲍尔', '汉诺·科夫勒', '辛纳克·勋纳曼', '詹妮特·海因', '乔切·舒托夫', '约翰娜·加斯多夫', '弗罗里安·巴西奥罗麦', '本·贝克']","['09', '10']",['剧情'],['189'],[' 德语 / 俄语'],['46460'],[' 德国 / 意大利']
['看不见的女人 A vida invisível de Eurídice Gusmão'],['7.8'],['卡里姆·埃诺兹'],"['朱莉娅·斯托克勒', '卡罗尔·杜阿尔特', '弗拉维亚·古兹曼', '安托尼欧·方塞卡', '雨果·克鲁兹', '尼古拉斯·安东尼', '马丽亚·曼诺埃拉', '格莱郭廖· 杜威维埃', '塞缪尔·托莱多', '卢安娜·泽维尔', '纳尔逊·费雷拉', '安德丽莎·卡布拉尔', '卢米·金', '雪莉·克鲁兹', '芭芭拉·桑托斯', '马西奥·维托', '爱德华多·托纳吉', '伊萨克·达霍拉', '费尔南多·塞兰', '弗拉维奥·保乌拉奇', '拉斐尔·拉波索', '克劳迪奥·加布里埃尔', '克里斯蒂娜·佩雷拉', '费尔兰德·蒙特纳哥']",[],['剧情'],['145'],[' 葡萄牙语'],['3618'],[' 巴西']
['小飞象 Dumbo'],['6.7'],['蒂姆·波顿'],"['伊娃·格林', '科林·法瑞尔', '迈克尔·基顿', '妮可·帕克', '芬利·霍宾斯', '丹尼·德维托', '艾伦·阿金', '卡米尔·雷米泽斯基', '约瑟夫·盖特', '桑迪·马丁', '乔·奥斯蒙德', '莎朗·鲁妮', '拉斯·艾丁格', '罗珊·塞斯', '道比·欧帕瑞', '迈克尔·巴佛', '杰茜·维宁', '伯纳多·桑托斯', '贝恩·科拉科', '文森特·阿德里安', '菲利普·罗施', '露西·德维托', '拉普洛斯·卡伦福佐斯', '阿梅吉特·德尤', '史蒂芬·萨姆森', '埃里克·海登']",[],"['奇幻', '冒险']",['112'],[' 英语'],['56878'],[' 美国']
['标准之外 Hors normes'],['8.3'],"['奥利维埃·纳卡什', '埃里克·托莱达诺']","['文森特·卡索', '勒达·卡代布', '海伦·文森特', '阿尔班·伊万诺夫', '凯瑟琳·蒙切特', '弗雷德里克·皮耶罗', '苏丽安·卜拉欣', '琳娜·库德里', '阿罗伊斯·索维奇', '海迪·布奇纳法', 'Bryan Mialoundama', 'Benjamin Lesieur', 'Marco Locatelli', 'Djibril Yoni', 'Ahmed Abdel Laoui', 'Darren Muselet', 'Diong-Kéba Tacu']",[],"['剧情', '喜剧']",['114'],[' 法语'],['7102'],[' 法国']
['准备好了没 Ready or Not'],['6.7'],"['马特·贝蒂内利-奥尔平', '泰勒·吉勒特']","['萨玛拉·维文', '安迪·麦克道威尔', '马克·奥布莱恩', '亚当·布罗迪', '亨利·科泽尼', '妮基·瓜达尼', '梅兰妮·斯科洛凡诺', '克里斯蒂安·布鲁恩', '伊利斯·莱韦斯克', '约翰·拉尔斯顿', '达妮埃拉·巴博萨', '伊拉娜·盖尔', '安德鲁·安东尼']",[],"['悬疑', '惊悚', '恐怖']",['95'],[' 英语'],['53045'],[' 加拿大 / 美国']
['美好年代 La belle époque'],['8.1'],['尼古拉斯·贝多斯'],"['丹尼尔·奥特伊', '吉约姆·卡内', '多莉亚·蒂利耶', '芬妮·阿尔丹', '皮埃尔·阿迪提', '德尼·波达利德斯']",[],"['剧情', '喜剧', '爱情']",['115'],[' 法语'],['11358'],[' 法国']
['教宗的承继 The Two Popes'],['8.6'],['费尔南多·梅里尔斯'],"['安东尼·霍普金斯', '乔纳森·普雷斯', '胡安·米努欣', '路易斯·尼科', '克里斯蒂娜·巴尼加斯', '玛丽亚·乌斯多', '雷纳托·斯卡帕', '西德尼·科尔', '阿基里·布鲁尼尼', '费德里科·托瑞', '赫尔曼·德·席尔瓦', '利桑德罗·菲克斯', '利贝罗·德·瑞恩佐', '威利·乔纳', '索非亚·塞萨克', '文森特·里奥特', '塞奇莉亚·达齐', '塞尔吉奥·尼古拉', '洛伦佐·维格万诺', '教皇本尼迪克特十六世', '方济各']",[],"['剧情', '传记']",['125'],[' 拉丁语 / 英语 / 西班牙语 / 意大利语 / 法语 / 葡萄牙语 / 德语'],['33489'],[' 英国 / 意大利']
['闺蜜2'],['2.7'],['黄真真'],"['薛凯琪', '陈意涵', '张钧甯', '迈克·泰森', '王水林', '陈宝山', '阮金红', '范湉湉']",['03'],"['喜剧', '爱情']",['109'],[' 汉语普通话'],['20906'],[' 中国香港 / 中国大陆']
['雪暴'],['6.2'],['崔斯韦'],"['张震', '倪妮', '廖凡', '黄觉', '刘桦', '张奕聪', '李光洁', '岳小军', '昌隆']",['10'],"['动作', '悬疑', '犯罪']",['111'],[' 汉语普通话'],['52669'],[' 中国大陆']
['bilibili晚会二零一九最美的夜'],['9.1'],['宫鹏'],"['朱广权', '陈超', '周延', '彭磊', '赵梦', '庞宽', '冯提莫', '陈乐一', '张光北', '胡彦斌', '易言', '周笔畅', '张蔷', '理查德·克莱德曼', '方锦龙', '戴荃', '周深', '邓紫棋', '吴亦凡', '陈信宏', '蔡升晏', '石锦航', '温尚翊', '刘冠佑', '王禹', '方颂评', '肥皂菌', '陆二胡', '孟晓洁', '洛天依', '克丽希·克斯丹萨', '路卡·苏利克', '段汁', '赵兆']",[],"['歌舞', '真人秀']",['212'],[' 汉语普通话'],['30008'],[' 中国大陆']
['人间·喜剧'],['3.4'],['孙周'],"['艾伦', '王智', '鲁诺', '任达华', '金士杰', '潘斌龙', '周显欣', '九孔', '董立范', '史航', '罗京民']",[],['喜剧'],['90'],[' 汉语普通话'],['25984'],[' 中国大陆']
['掠食城市 Mortal Engines'],['6.4'],['克里斯蒂安·瑞沃斯'],"['海拉·西尔玛', '雨果·维文', '金智海', '罗伯特·席安', '莱拉·乔治', '史蒂芬·朗', '弗兰基·亚当斯', '凯伦·皮斯托里斯', '科林·萨蒙', '安德鲁斯·李斯', '莎拉·慕恩', '罗南·拉夫特瑞', '乔尔·托贝克', '帕特里克·麦拉海德', '史蒂芬·乌瑞', '马尼克·古纳拉塔尼', '菲利普·里夫', '纳撒尼尔·利斯', '雷吉-让·佩吉', '卡卢姆·吉廷斯', '安柚鑫', '马克·哈德洛', '马克米钦森', '索菲·考克斯', '莎拉·皮尔斯', '奇·陈', '约瑟夫·米卡-亨特', '特里·诺瑞斯', '安龙·杰克森', '梅根·爱德华兹', '尼克·布雷克', '玛丽亚·沃克', '阿曼·韦弗', '玛德琳·亚当斯', '马丁·郭', '罗德尼·库克']",['12'],"['动作', '科幻', '冒险']",['128'],[' 英语'],['52441'],[' 美国 / 新西兰']
['忌日快乐2 Happy Death Day 2U'],['6.6'],['克里斯托弗·兰登'],"['杰西卡·罗德', '伊瑟尔·布罗萨德', '露比·莫迪恩', '苏拉·沙玛', '史蒂夫·齐西斯', '瑞秋·马休斯', '查尔斯·艾特肯', '莎拉·亚金', '凯莱布·斯比尔亚兹', '吉吉·埃内塔', '劳拉·克利夫顿', '温迪·米克洛维奇', '凯勒布·拿奎恩', '肯尼斯·以色列', '泰内娅·因崔亚戈', '布莱恩·克恩', '川川', '卡瑞尔拉·史密斯', '罗布·梅洛', '林赛·G·史密斯', '飞·武', '莎拉·贝纳尼', '杰奎琳·哈里斯·马瑟恩', '西尔维娅·格雷丝·克里姆', '拉姆齐·安德森']",[],"['悬疑', '惊悚', '恐怖']",['100'],[' 英语'],['66934'],[' 美国']
['伦敦生活 National Theatre Live: Fleabag'],['8.9'],"['维姬·琼斯', 'Tony Grech-Smith']",['菲比·沃勒-布里奇'],[],['喜剧'],['107'],[' 英语'],['4163'],[' 英国']
['坏家伙们 나쁜 녀석들'],['6.6'],['孙容镐'],"['马东锡', '金相中', '金雅中', '张基龙', '姜艺媛']",[],"['动作', '犯罪']",['114'],[' 韩语'],['17268'],[' 韩国']
['鬼影特攻：以暴制暴 6 Underground'],['6.3'],['迈克尔·贝'],"['瑞恩·雷诺兹', '本·哈迪', '梅拉尼·罗兰', '阿德里娅·阿霍纳', '戴夫·弗兰科', '科里·霍金斯', '塞巴斯蒂安·罗奇', '曼努埃尔·加西亚-鲁尔福', '詹姆斯·莫瑞', '利奥·拉兹', '埃莱娜·卡多纳', '佩曼·莫阿迪', '尤里·科洛科利尼科夫', '金·柯尔德', '丹尼尔·阿德博伊加', '詹姆斯·卡罗尔·乔丹', '康斯坦丁·格雷戈里', '彼得·阿佩塞拉', '托多尔·乔丹诺夫', '里纳特·希什马塔林', '莉迪亚·佛朗哥', '罗杰·内瓦雷斯', '舒巴姆·沙拉夫']",[],"['动作', '惊悚']",['127'],[' 英语 / 土库曼语 / 粤语 / 意大利语 / 西班牙语 / 乌克兰语 / 法语'],['24314'],[' 美国']
['企鹅公路 ペンギン・ハイウェイ'],['7.8'],['石田祐康'],"['北香那', '苍井优', '钉宫理惠', '潘惠美', '福井美树', '能登麻美子', '久野美咲', '西岛秀俊', '竹中直人']",['08'],"['动画', '奇幻', '冒险']",['117'],[' 日语'],['35053'],[' 日本']
['女警 걸캅스'],['6.8'],['郑多元'],"['罗美兰', '李圣经', '尹相铉', '崔秀英', '廉惠兰', '魏化儁', '朱宇宰', '姜宏硕', '金道完', '安昌焕', '李贞敏', '朴素恩', '赵炳奎', '成东日', '河正宇', '安宰弘']",[],"['喜剧', '动作', '悬疑', '犯罪']",['107'],[' 韩语'],['21448'],[' 韩国']
['好人难寻 A Good Woman Is Hard to Find'],['6.4'],['阿布内尔·帕斯托尔'],"['莎拉·伯格', '爱德华·霍格', '安德鲁·辛普森']",[],"['动作', '惊悚']",['97'],[' 英语'],['1010'],[' 英国 / 比利时']
['游戏之夜 Game Night'],['7.1'],"['约翰·弗朗西斯·戴利', '乔纳森·M·戈尔茨坦']","['杰森·贝特曼', '瑞秋·麦克亚当斯', '凯尔·钱德勒', '莎朗·豪根', '比利·马格努森', '拉蒙尼·莫里斯', '凯莉·班伯里', '杰西·普莱蒙', '迈克尔·C·豪尔', '丹尼·赫斯顿', '切尔西·帕瑞蒂', '卡米利·陈', '泽瑞克·威廉姆斯', '约书亚·米克尔', 'R·F·戴利']",['02'],"['喜剧', '悬疑', '犯罪']",['100'],[' 英语'],['48911'],[' 美国']
['下一任：前任'],['2.8'],['陈鸿仪'],"['郭采洁', '郑恺', '李东学', '谢依霖', '刘心悠', '邱欣怡', '李荣浩', '蓝心湄', '林辰唏', '林美秀']",[],['爱情'],['99'],[' 汉语普通话'],['24025'],[' 中国台湾 / 中国大陆']
['长安道'],['6.1'],['李骏'],"['范伟', '宋洋', '焦俊艳', '陈数']",[],"['剧情', '悬疑', '犯罪']",['113'],[' 汉语普通话'],['38535'],[' 中国大陆']
['吹哨人'],['5.5'],['薛晓路'],"['雷佳音', '汤唯', '齐溪', '吴彦姝', '杨立新', '王策', '邢岷山', '陈创', '安地', '王茜', '付宏声']",[],"['剧情', '悬疑', '犯罪']",['139'],[' 汉语普通话'],['29011'],[' 中国大陆']
['摇摆狂潮 스윙키즈'],['8.2'],['姜炯哲'],"['都暻秀', '朴慧秀', '吴政世', '金民浩', '朴真珠', '白仁权', '杰瑞德·格里姆斯', '罗斯·凯特尔']",['12'],"['剧情', '歌舞', '战争']",['133'],[' 韩语'],['39815'],[' 韩国']
['特警队'],['5.2'],['丁晟'],"['凌潇肃', '贾乃亮', '金晨', '张云龙', '刘俊孝', '刘文擘', '蔡心', '王泊文', '常戎', '赵小锐', '那尔那茜', '唐羽翰', '丁一', '淳于珊珊', '罗伯特·克耐普', '桑平', '马浴柯', '乔振宇', '张亮']",[],['动作'],['109'],[' 汉语普通话'],['22109'],[' 中国大陆']
['英雄本色2018'],['4.7'],['丁晟'],"['王凯', '马天宇', '王大陆', '余皑磊', '林雪', '吴樾', '李梦', '张艺上', '姜珮瑶', '李岷城', '宁浩', '韩寒', '丁晟', '曾志伟']",['01'],"['剧情', '动作']",['114'],[' 汉语普通话'],['36318'],[' 中国大陆 / 中国香港']
['我们 Us'],['6.4'],['乔丹·皮尔'],"['露皮塔·尼永奥', '温斯顿·杜克', '伊丽莎白·莫斯', '蒂姆·海德克', '莎哈迪·赖特·约瑟夫', '伊万·艾利克斯', '叶海亚·阿卜杜勒-迈丁', '安娜·迪奥普', '卡莉·谢尔顿', '诺尔·谢尔顿', '麦迪逊·柯里', '纳皮埃拉·格罗夫斯', '杜克·尼科尔森', '内森·哈灵顿', '卡拉·海沃德']",[],"['悬疑', '惊悚']",['116'],[' 英语'],['62549'],[' 美国 / 日本 / 中国大陆']
['邻座的怪同学 となりの怪物くん'],['6.2'],['月川翔'],"['菅田将晖', '土屋太凤', '古川雄辉', '山田裕贵', '池田依来沙', '滨边美波', '佐野岳', '佐野史郎', '速水直道']",['04'],"['剧情', '喜剧', '爱情']",['105'],[' 日语'],['15206'],[' 日本']
['寄宿学校 Boarding School'],['7.3'],['鲍兹·亚金'],"['卢克·普拉尔', '斯特林·杰里斯', '威尔·帕顿', '科比·乔治', '卡丁·乔治', '尼古拉斯·J·奥利韦里', '萨曼莎·玛西丝', '罗伯特·约翰·伯克', '纳迪娅·亚历山大', '露西·沃特斯', '坦米·布兰查德', '大卫·阿隆·贝克']",['08'],"['悬疑', '恐怖']",['111'],[' 英语'],['45500'],[' 美国']
['安娜贝尔3：回家 Annabelle Comes Home'],['5.9'],['加里·多伯曼'],"['维拉·法米加', '帕特里克·威尔森', '麦肯娜·格瑞丝', '麦迪森·伊瑟曼', '凯蒂·萨里费', '迈克尔·西米诺', '萨马拉·李', '肯齐·卡普兰', '萨德·卡塔琳娜', '迈克尔·帕特里克·麦克吉尔', '布列塔尼·霍扎', '希拉·麦克兰', '埃迪·J.费尔南德斯', '斯蒂芬·考特尔', '卢卡·卢汉', '卢·卢·萨夫兰', '安东尼·威姆斯', '娜塔莉·萨福兰', '道格拉斯·泰特', '亚历山大·沃德', '艾米丽·布罗斯特']",[],"['悬疑', '惊悚', '恐怖']",['106'],[' 英语'],['22001'],[' 美国']
['把哥哥退货可以吗？ น้อง.พี่.ที่รัก'],['5.3'],['维塔亚·东俞扬'],"['桑尼·苏瓦美塔农', '尤拉萨雅·斯帕邦德', '尼查坤·抔勒威查固', '安楚义昂·布阿嘎育', '婵査勒姆·曼纳萨朋']",['05'],"['喜剧', '爱情']",['123'],[' 泰语 / 日语 / 英语'],['6251'],[' 泰国']
['幸福马上来'],['3.8'],"['冯巩', '崔俊杰']","['冯巩', '毛俊杰', '刘昊然', '牛莉', '贾玲', '张小斐', '岳云鹏', '姜宏波', '白凯南', '潘斌龙', '涂松岩', '宋宁', '梁天', '夏凡', '梁超']",['06'],['喜剧'],['91'],[' 汉语普通话'],['10332'],[' 中国大陆']
['铤而走险'],['6.0'],['甘剑宇'],"['大鹏', '欧豪', '李梦', '曹炳琨', '沙宝亮', '曹卫宇', '乌兰托雅·朵', '张宁江', '夏恩', '李晟烨']",[],"['剧情', '犯罪']",['103'],[' 汉语普通话'],['26192'],[' 中国大陆']
['地狱少女 地獄少女'],['4.8'],['白石晃士'],"['玉城蒂娜', '桥本爱实', '乐驱', '磨赤儿', '森七菜', '仁村纱和', '大场美奈', '片岡礼子', '成田瑛基', '藤田富', '波冈一喜']",[],['恐怖'],['107'],[' 日语'],['505'],[' 日本']
['肆式青春 詩季織々'],['5.6'],"['李豪凌', '易小星', '竹内良贵']","['坂泰斗', '寿美菜子', '白石晴香', '安元洋贵', '大冢刚央', '长谷川育美', '白客', '彭师欣', '唐雅菁', '陈颖晖', '梁达伟', '林美玉']",['08'],['动画'],['74'],[' 汉语普通话 / 日语 / 粤语 / 上海话'],['21655'],[' 日本 / 中国大陆']
['T-34坦克 T-34'],['7.7'],['阿列克赛·西多洛夫'],"['亚历山大·佩特罗夫', '文森兹·凯弗', '维克多·多勃朗拉沃夫', '伊琳娜·斯达申鲍姆', '西蒙·特列斯库诺夫', '尤里·鲍里索夫', '阿尔焦姆·贝斯特罗夫', '约书亚·格罗斯', '伊格·克里普诺夫', '彼得·斯科沃尔佐夫']",['12'],"['动作', '历史', '战争']",['139'],[' 俄语'],['15518'],[' 俄罗斯']
['超人之死 The Death of Superman'],['7.4'],"['杰克·卡斯托雷纳', '刘山姆']","['杰瑞·奥康奈尔', '丽贝卡·罗梅恩', '雷恩·威尔森', '罗莎里奥·道森', '内森·菲利安', '克里斯托弗·戈勒姆', '马特·兰特尔', '谢默·摩尔', '尼扬比·尼扬比', '杰森·奥玛拉', '乔纳森·亚当斯', '洛奇·卡罗尔', '特雷弗·德瓦', '保罗·伊丁', '帕特里克·法比安', '詹妮弗·黑尔', '马克斯·迈特尔曼', '托克斯·奥拉贡多耶']",['07'],"['动作', '科幻', '动画']",['81'],[' 英语'],['12162'],[' 美国']
['吾乃母亲 I Am Mother'],['7.3'],['格兰特·斯布托尔'],"['罗丝·伯恩', '克拉拉·卢嘉', '塔莉亚·斯图尔扎克', '希拉里·斯万克', '卢克·霍克', '马迪·莱顿', '沙漠·莱顿', '哈兹尔·桑德里', '雅各布·诺兰', '约翰尼·卡森', '乌比·戈德堡', '史蒂夫·马丁']",[],"['科幻', '惊悚']",['114'],[' 英语'],['15597'],[' 澳大利亚']
['游侠索罗：星球大战外传 Solo: A Star Wars Story'],['6.8'],['朗·霍华德'],"['阿尔登·埃伦瑞奇', '艾米莉亚·克拉克', '伍迪·哈里森', '唐纳德·格洛弗', '保罗·贝坦尼', '乔纳斯·索塔莫', '菲比·沃勒-布里奇', '沃维克·戴维斯', '坦迪·牛顿', '克林特·霍华德', '伊安·肯尼', '理查德·迪克森']","['05', '05']","['动作', '科幻', '冒险']",['135'],[' 英语'],['50857'],[' 美国']
['遇见你真好'],['4.7'],['顾长卫'],"['白客', '蓝盈莹', '张海宇', '周楚濋', '曹骏', '王玉雯', '蒋易', '李晨晖', '范明', '蒋雯丽']",['03'],"['剧情', '喜剧', '爱情']",['99'],[' 汉语普通话'],['22515'],[' 中国大陆']
['一百样东西 100 Dinge'],['7.3'],['弗洛里安·大卫·菲茨'],"['弗洛里安·大卫·菲茨', '马提亚斯·施维赫夫', '米里亚姆·斯坦因', '汉内洛勒·埃尔斯纳', '卡特琳娜·塔巴赫', '约翰尼斯·艾麦亚', '马克西米利安·梅耶-布雷泽内德', '玛利亚·佛万格勒', '沃尔夫冈·斯塔姆普', 'Sarah Victoria Frick', 'Artjom Gilz', '丹尼尔·弗利格', 'Milo Eisenblätter', 'Nora Boeckler']",['12'],['喜剧'],['111'],[' 德语 / 英语 / 芬兰语'],['7001'],[' 德国']
['蓝色生死恋'],['2.9'],['王才涛'],"['许凯', '赵露思', '焦睿', '梁婧娴', '孟美岐', '张檬', '何明翰', '张秋歌', '杨大鹏']",[],['爱情'],['104'],[' 汉语普通话'],['5917'],[' 中国大陆']
['轮到你了 特别篇 あなたの番です 特別編'],['8.0'],[],"['原田知世', '田中圭', '浅香航大', '皆川猿时']",[],"['剧情', '悬疑']",['45'],[' 日语'],['23795'],[' 日本']
['阿基米德大战 アルキメデスの大戦'],['7.5'],['山崎贵'],"['菅田将晖', '馆博', '滨边美波', '柄本佑', '小林克也', '小日向文世', '国村隼', '桥爪功', '田中泯']",[],"['剧情', '战争']",['130'],[' 日语'],['7541'],[' 日本']
"['伯纳黛特你去了哪 Where&#39;d You Go, Bernadette']",['7.5'],['理查德·林克莱特'],"['凯特·布兰切特', '朱迪·格雷尔', '克里斯汀·韦格', '劳伦斯·菲什伯恩', '特罗伊安·艾夫瑞·贝利萨里奥', '比利·克鲁德普', '约翰内斯·豪克尔·约翰内森', '詹姆斯·乌尔班尼亚克', '凯特·伊斯顿', '理查德·罗比查乌克斯', '艾玛·尼尔森', '李·哈林顿', '理查德·巴洛', '威廉·卡尼亚', '克劳迪娅·多米特', 'Zoe Chao', 'Lana Young', 'Katelyn Statton', 'Zachary Davis Brown']",[],"['剧情', '喜剧']",['109'],[' 英语'],['13213'],[' 美国']
['自杀小队：严厉惩罚 Suicide Squad: Hell to Pay'],['7.4'],['刘山姆'],"['克里斯蒂安·史莱特', '凡妮莎·威廉斯', '比利·布朗', '克里斯汀·鲍尔', '吉迪恩·埃默里', '连姆·麦肯泰尔', '塔拉·斯特朗', '大卫·博特', '特雷弗·德瓦', '戴夫·芬诺伊', '格雷戈·格伦伯格', 'C·托马斯·豪威尔', '茜丝·琼斯', '娜塔莉·兰德', '马修·默瑟', '朱莉·内桑森', '吉姆·皮里', '丹妮亚·拉米雷兹', '詹姆斯·乌尔班尼亚克']",['04'],"['动作', '动画']",['86'],[' 英语'],['12332'],[' 美国']
['夜以继日 寝ても覚めても'],['7.4'],['滨口龙介'],"['东出昌大', '唐田英里佳', '濑户康史', '山下莉绪', '伊藤沙莉', '渡边大知', '仲本工事', '田中美佐子']","['05', '09']","['剧情', '爱情']",['119'],[' 日语'],['20375'],[' 日本 / 法国']
['最普通的恋爱 가장보통의 연애'],['7.2'],['金涵潔'],"['金来沅', '孔晓振', '姜其永', '郑雄仁', '张素妍', '周敏京', '吴东旻', '裴贤圣', '李在恩', '郑惠莲', '孙武铉', '朴根祿']",[],"['喜剧', '爱情']",['109'],[' 韩语'],['10157'],[' 韩国']
['低压槽：欲望之城 低壓槽'],['4.4'],['张家辉'],"['张家辉', '徐静蕾', '何炅', '余男', '苗侨伟', '元华', '林雪', '张可颐']",['04'],"['剧情', '动作', '悬疑', '犯罪']",['112'],[' 汉语普通话 / 粤语 / 英语 / 泰语'],['14690'],[' 中国大陆 / 中国香港']
['过昭关'],['7.8'],['霍猛'],"['杨太义', '李云虎 ', '万众 ', '聂栋才 ']",['10'],"['剧情', '家庭', '儿童']",['93'],[' 河南方言'],['9961'],[' 中国大陆']
['偷心女盗 The Hustle'],['5.8'],['克里斯·艾迪生'],"['安妮·海瑟薇', '蕾蓓尔·威尔森', '蒂姆·布雷克·尼尔森', '艾利克斯·夏普', '罗非洛·迪格托勒', '迪诺·布加迪', '布鲁诺·塞维利亚', '克里斯多夫·德·舒瓦西', '菲利普·德斯穆尔斯', '库姆德·潘特', '塞缪尔·加斯帕德']",[],['喜剧'],['93'],[' 英语'],['18214'],[' 美国']
['我说的都是真的'],['4.8'],['刘仪伟'],"['小沈阳', '陈意涵', '吴樾', '连凯', '罗海琼', '李易祥', '朱云峰', '刘仪伟']",['03'],"['喜剧', '动作', '悬疑']",['99'],[' 汉语普通话'],['9182'],[' 中国大陆']
['鬼灭之刃 兄妹的羁绊 鬼滅の刃 兄妹の絆'],['9.1'],['外崎春雄'],"['大塚芳忠', '梶裕贵', '加隈亚衣', '冈本信彦', '森川智之', '浪川大辅', '山崎巧', '绿川光', '子安武人', '井泽诗织', '悠木碧']",[],"['动作', '动画', '惊悚', '奇幻']",['113'],[' 日语'],['9876'],[' 日本']
['在京都小住 ちょこっと京都に住んでみた。'],['8.1'],['吉见拓真  '],"['木村文乃', '近藤正臣']",[],"['剧情', '家庭']",['74'],[' 日语'],['5322'],[' 日本']
['巴尔干边界 Балканский рубеж'],['7.2'],['安德烈·沃金'],"['安东·庞布施尼', '尤里·库琴科', '米洛斯·比柯维奇', '米莱纳拉·德罗维奇', '拉芙珊娜·库珂娃', '阿勒克山达·斯雷科维奇', '乔基科·米提克', '德米特里·弗里德', '米奥德拉格·拉多尼奇', '埃米尔·库斯图里卡', '谢尔盖·马林', '尼基塔·科洛格利维', '罗曼·库特辛', '亚历山大·拉多伊契奇', '埃菲姆·彼得鲁宁', '安瓦尔·哈里路拉耶夫', '瓦西利萨·涅姆科娃']",[],"['动作', '战争']",['151'],[' 俄语 / 塞尔维亚语 / 英语'],['10855'],[' 俄罗斯 / 塞尔维亚']
['衣柜里的冒险王 The Extraordinary Journey of The Fakir'],['7.0'],['肯·斯科特'],"['丹努什', '贝热尼丝·贝乔', '艾琳·莫里亚蒂', '巴克德·阿巴蒂', '热拉尔·朱尼奥', '本·米勒', '阿贝尔·贾夫里', '莎拉·珍妮·拉布罗丝', '凯·葛利丹努', '阿姆鲁塔·桑特', '希玛·比斯瓦斯', '克里斯蒂安·布朗查特', '斯特凡诺·卡塞蒂', '乌瓦曼古·科内利斯', '甘达夫·德万', '埃德温·吉莱特', '奥姆卡·凯特卡', '波林·马雷查尔', '丹尼勒·尼西', '哈蒂·辛格', '玛尔·索度佩']",['05'],"['喜剧', '冒险']",['92'],[' 英语 / 印度语'],['7749'],[' 法国 / 印度']
['迪丽丽的奇幻巴黎 Dilili à Paris'],['7.9'],['米歇尔·欧斯洛'],"['普鲁内尔·查尔斯·安布隆', '恩佐·拉齐托', '纳塔莉·德赛', '布鲁诺·帕维奥', '杰里米·洛佩兹', '哈里森·阿雷瓦洛', '尼古拉斯·潘切瓦', '蒂莎·达维拉·本萨拉', '米歇尔·伊莱亚斯', '帕斯卡尔·佩斯特尔', '保罗·班迪', '伊莎贝尔·嘉德', '莉莲娜·罗维埃', '卡里姆·姆里巴', '奥利维耶·克拉弗里', '伊丽莎白·杜达']","['06', '10']",['动画'],['94'],[' 法语'],['4704'],[' 法国 / 比利时 / 德国']
['窈窕淑男的日记 ตุ๊ดซี่ส์แอนด์ เดอะเฟค'],['7.1'],['基提哈克·通加姆'],"['查伦舒克·帕奥佩茨', '通坎东·通猜', '拉塔南特·詹亚季拉翁', '帕塔拉萨亚·克鲁阿苏旺斯里', '阿拉亚·爱尔柏塔·亥盖特', '可林桑拉铺·皮木颂克朗', '甘·纯郝哇', '帕薇努特·庞纳康', '冈·斯瓦蒂', '巴尼沙拉·披蒲', '尼替·柴契塔通', '夏纳纳·努塔科姆', '帕瑞斯·因塔拉科玛亚苏特', '克劳迪娜·克雷格', '宝拉·泰勒', '泰莎昂·派索克乔纶']",[],"['喜剧', '同性']",['108'],[' 泰语'],['3333'],[' 泰国']
['21座桥 21 Bridges'],['6.7'],['布莱恩·柯克'],"['查德维克·博斯曼', '西耶娜·米勒', '泰勒·克奇', 'J·K·西蒙斯', '凯斯·大卫', '史蒂芬·詹姆士', '凯蒂·麦克莱伦', '莎伊娜·瑞恩', '加里·卡尔', '维多利亚·卡塔赫纳', '戴尔·帕文斯基', '托比·海明威', '克里斯蒂安·艾赛亚', '路易斯·坎瑟米', '乔恩·道格拉斯·雷尼', '杰拉德·瓦德', '莫洛克·奥马里', '苏泽特·古恩', '迈克尔·J·克雷西克', '迈克尔·J·莱昂斯']",[],"['剧情', '惊悚', '犯罪']",['99'],[' 英语'],['6735'],[' 美国']
['吹响悠风号剧场版：誓言的终章 劇場版 響け！ユーフォニアム～誓いのフィナーレ～'],['9.2'],['石原立也'],"['黑泽朋世', '朝井彩加', '丰田萌绘', '安济知佳', '石谷春贵', '藤村鼓乃美', '山冈百合', '津田健次郎', '小堀幸', '雨宫天', '七濑彩夏', '久野美咲', '土屋神叶', '寿美菜子', '樱井孝宏']",[],['动画'],['100'],[' 日语'],['3823'],[' 日本']
['异乡人：上海的芥川龙之介 ストレンジャー～上海の芥川龍之介～'],['8.6'],['加藤拓'],"['松田龙平', '冈部崇', '中村友理', '奈绪', '金世佳', '任洛敏', '邱必昌']",[],"['剧情', '传记']",['73'],[' 日语'],['9842'],[' 日本']
['霸主 Overlord'],['6.5'],['朱利叶斯·艾弗里'],"['约翰·艾德坡', '怀亚特·罗素', '马蒂尔德·奥利维耶', '皮鲁·埃斯贝克', '约翰·马加罗', '伊恩·德·卡斯泰克', '雅各布·安德森', '多米尼克·阿普尔怀特', '博基姆·伍德拜因', '恩里奇·雷德曼', '马克·麦克肯纳', '海莉·卡迈克尔', '米迦勒·埃普', '罗斯·汤姆林森', '本·特瓦索里', '安迪·韦勒姆', '帕特里克·布拉莫尔', '肖恩·狄克逊', '豪尔赫·莱昂·马丁内斯', '伊娃·马格亚']","['09', '11']","['动作', '科幻', '恐怖', '战争']",['110'],[' 英语 / 俄语 / 法语 / 德语'],['17693'],[' 美国 / 加拿大']
['娱乐之家 Funhouse'],['5.5'],['Jason William Lee'],"['瓦尔特·斯卡斯加德', '哈米莎·威尔希尔', 'Gerard Christopher']",[],['恐怖'],[],[' 英语'],['155'],[' 瑞典 / 加拿大']
['马丁·伊登 Martin Eden'],['8.0'],['皮耶特罗·马切罗'],"['卢卡·马里内利', '杰西卡·塞西', '文森佐·内莫拉托', '马克·莱昂纳蒂', '丹妮丝·萨迪斯科', '卡门·波梅拉', '卡洛·切基', '奥蒂莉亚·拉涅利', '伊丽莎白·瓦尔古', '彼得罗·拉古萨', '萨维诺·帕帕雷拉', '文琴察·莫迪卡', '查士丁尼·阿尔皮', '朱塞佩·伊利亚诺', '佩佩·马吉奥', '毛里齐奥·多纳多尼', '加埃塔诺·布鲁诺', '阿涅洛·阿雷纳', '琪娅拉·弗兰西妮', '里纳特·希什马塔林']",[],['剧情'],['129'],[' 意大利语 / 那不勒斯语 / 法语'],['6362'],[' 意大利 / 法国 / 德国']
['火箭人 Rocketman'],['7.2'],['德克斯特·弗莱彻'],"['塔伦·埃哲顿', '杰米·贝尔', '理查德·麦登', '布莱丝·达拉斯·霍华德', '斯蒂文·麦金托什', '查理·罗', '哈丽特·瓦尔特', '维克托里娅·菲斯', '杰玛·琼斯', '汤姆·班尼特', '朱利安·费罗', '莱顿·威廉姆斯', '基特·康纳', '卡米尔·雷米泽斯基', '贝恩·科拉科', '齐亚德·阿巴扎', '伊斯雷尔·鲁兹', '拉斯科·阿特金斯', '格雷厄姆·弗莱彻-库克', '史蒂威·戴维斯']",[],"['剧情', '同性', '音乐', '传记']",['121'],[' 英语'],['15627'],[' 英国 / 美国 / 加拿大']
['爱情是什么 愛がなんだ'],['7.1'],['今泉力哉'],"['岸井雪乃', '成田凌']",['10'],"['剧情', '爱情']",['123'],[' 日语'],['5873'],[' 日本']
['中国蓝盔'],['3.5'],['宁海强'],"['徐洪浩', '一龙', '彭凌', '沈浩', '王韬', '聂远', '曹凯', '王强', '郑卫莉', '伊莉莎', '达丽雅', '一二先生', '尚', '蔡明凯', '龙天', '穆雷克']","['11', '06']","['剧情', '动作', '战争']",['96'],[' 汉语普通话'],['6245'],[' 中国大陆']
['娼年'],['5.8'],['三浦大辅'],"['松坂桃李', '真飞圣', '富手麻妙', '猪塚健太', '樱井由纪', '小柳友', '马渕英俚可', '荻野友里', '佐佐木心音', '大谷麻衣', '阶户瑠李', '西冈德马', '江波杏子']",['04'],"['爱情', '情色']",['119'],[' 日语'],['13756'],[' 日本']
['性别为本 On the Basis of Sex'],['7.6'],['米密·莱德'],"['菲丽希缇·琼斯', '艾米·汉莫', '贾斯汀·塞洛克斯', '萨姆·沃特森', '凯西·贝茨', '卡莉·史派妮', '杰克·莱诺', '斯蒂芬·鲁特', '克里斯·马尔基', '加里·韦恩兹', '弗朗西斯·X·麦卡蒂', '罗纳德·格特曼', '温迪·古逊', '约翰·拉尔斯顿', '卡尔·格拉戈萨斯', '亚瑟·霍尔顿', '安吉拉·嘉鲁皮', '乔迪·约翰逊', '杰夫·利利科', '乔·柯布登 ', '莎珑·华盛顿', '瓦罗娜·塞茨瓦埃洛', '阿伦·奥阿约-斯图尔特', '霍莉·G·弗兰克尔', '汤姆·埃尔文', '斯蒂芬妮·科斯塔', '拉斐尔·格罗斯-哈维', '罗伯特·J·塔维纳', '加布里埃尔·格雷厄姆', '丹尼尔·布罗克', '道恩·福特', '迈克尔·迪克森', '亚历山大·贝朗格', '鲁斯·巴德·金斯伯格']",['12'],"['剧情', '传记']",['120'],[' 英语'],['8521'],[' 美国']
['2019腾讯视频星光盛典'],[''],[],"['李现', '赵丽颖', '肖战', '迪丽热巴', '王一博', '杨幂', '吴亦凡', '宋茜', '蔡徐坤', '江疏影', '杨洋', '姚晨', '李佳琦', '杨超越', '鹿晗', '李紫婷', '白宇', '杨芸晴', '张若昀', '孙涵', '许魏洲', '孙雨', '徐正溪', '孟美岐', '许凯', '吴宣仪', '张涵予']",[],['真人秀'],[],[' 汉语普通话'],[],[' 中国大陆']
['最后一球 Тренер'],['7.5'],['丹尼拉·科兹洛夫斯基'],"['丹尼拉·科兹洛夫斯基', '伊琳娜·戈尔巴乔娃', '安德烈·斯莫利亚科夫', '奥莉亚·祖耶娃', '弗拉基米尔·伊利因', '维伦·巴比切夫', '维克多·维尔比斯基', '维塔利亚·安德烈夫']","['06', '04']","['剧情', '运动']",['137'],[' 俄语'],['8064'],[' 俄罗斯']
['真爱百分百 Tout le monde debout'],['7.5'],['弗朗克·迪博斯克'],"['弗朗克·迪博斯克', '亚历山德拉·拉米', '艾尔莎·泽贝斯坦', '热拉尔·达尔蒙', '卡洛琳·安格鲁德', '洛朗·巴图', '克洛德·布拉瑟', '弗朗索瓦-格扎维埃·德梅松', '克里斯托弗·卡纳德', '弗朗西斯·科菲内', '源利华', '菲利普·维约']",['03'],"['喜剧', '爱情']",['107'],[' 法语 / 英语 / 意大利语'],['8609'],[' 法国 / 比利时']
['犬屋敷 真人版 いぬやしき'],['6.7'],['佐藤信介'],"['木梨宪武', '佐藤健', '本乡奏多', '二阶堂富美', '三吉彩花', '福崎那由他', '滨田麻里', '齐藤由贵', '伊势谷友介']",['04'],"['动作', '科幻']",['127'],[' 日语'],['9246'],[' 日本']
['不存在于记忆中 記憶にございません！'],['6.7'],['三谷幸喜'],"['中井贵一', '藤冈靛', '石田百合子', '草刈正雄', '佐藤浩市', '小池荣子', '齐藤由贵', '木村佳乃', '梶原善']",[],"['剧情', '喜剧']",['127'],[' 日语'],['1616'],[' 日本']
['请寻找我 나를 찾아줘'],['6.6'],['金承宇'],"['李英爱', '刘在明', '李源根', '朴海俊']",[],"['惊悚', '犯罪']",['108'],[' 韩语'],['4063'],[' 韩国']
['逃组 뺑반'],['6.4'],['韩俊熙'],"['孔晓振', '柳俊烈', '曹政奭', '廉晶雅', '全慧珍', '金起范', '孙锡久']",[],['动作'],['133'],[' 韩语'],['6974'],[' 韩国']
['抓人游戏 Tag'],['6.7'],['杰夫·汤姆西奇'],"['杰瑞米·雷纳', '乔恩·哈姆', '艾德·赫尔姆斯', '安娜贝拉·沃丽丝', '艾拉·菲舍尔', '拉什达·琼斯', '莱丝莉·比伯', '杰克·约翰逊', '布莱恩·丹内利', '汉尼拔·布勒斯', '塞巴斯蒂安·马尼斯科', '诺拉·邓恩', '梅丽莎·乐爱伦', '史蒂夫·伯格']",['06'],['喜剧'],['100'],[' 英语'],['11109'],[' 美国']
['古田军号'],['6.6'],['陈力'],"['王仁君', '王志飞', '刘智扬', '胡兵', '张一山', '孙维民', '李幼斌', '董玥', '邹先煜']",[],"['剧情', '历史', '战争']",['120'],[' 汉语普通话'],['6320'],[' 中国大陆']
['三方国界 Triple Frontier'],['6.4'],['J·C·尚多尔'],"['本·阿弗莱克', '查理·汉纳姆', '佩德罗·帕斯卡', '奥斯卡·伊萨克', '加内特·赫德兰', '阿德里娅·阿霍纳', '希拉·凡德', '雷纳尔多·加列戈斯', '克里斯汀·霍恩', '穆罕默德·哈肯沙迪', '迈克尔·本杰明·埃尔南德斯', '佩德罗·洛佩兹', '肖恩·麦克布莱德', '杰森·奎恩', '卡洛斯·利纳雷斯']",[],"['动作', '犯罪', '冒险']",['125'],[' 英语 / 西班牙语 / 葡萄牙语'],['15134'],[' 美国']
['变身 변신'],['5.9'],['金泓善'],"['裴晟祐', '成东日', '张荣男', '金惠濬', '曹怡贤', '金嫝勋']",[],['恐怖'],['113'],[' 韩语'],['6301'],[' 韩国']
['杜嘉班纳2019春夏女装秀 Dolce&amp;Gabbana: Spring/Summer 2019 Women&#39;s Fashion Show'],['9.1'],[],"['莫妮卡·贝鲁奇', '伊莎贝拉·罗西里尼', '卡拉·布吕尼', '伊娃·赫兹格瓦', '海伦娜·克里斯坦森', '芭芭拉·帕尔文', '莎拉·桑帕约', '艾米丽·拉塔科斯基', 'Brandon Thomas Lee', '卡梅隆·达拉斯', '斯特拉·麦克斯韦', '凯勒·莱恩', 'Sierra Dallas', '布鲁娜·马尔科辛', '玛丽娜·辉·巴尔博萨', '迪丽热巴', '崔素拉', '刘春杰', '梅根·考莉森', '贺聪', '凯伦·艾尔森', '阿什利·格雷厄姆', '唐赫', '黛薇卡·霍内', '刘欢', '郑秀妍', '康思佳']",['09'],['真人秀'],[],[' 无对白'],['1266'],[' 意大利']
['妈妈咪呀2 Mamma Mia! Here We Go Again'],['7.0'],['欧·帕克'],"['莉莉·詹姆斯', '阿曼达·塞弗里德', '朱丽·沃特斯', '克里斯汀·芭伦斯基', '皮尔斯·布鲁斯南', '斯特兰·斯卡斯加德', '科林·费尔斯', '多米尼克·库珀', '杰瑞米·艾文', '亚历克萨·戴维斯', '杰西卡·基南·温', '乔什·迪伦', '休·斯金纳', '雪儿', '梅丽尔·斯特里普', '安迪·加西亚', '西莉亚·伊姆里', '欧米德·吉亚李利', '杰拉德·摩纳科', '森尚子', '伊川东吾', '阿纳斯塔西娅·希尔', '苏珊娜·巴克莱德', '乔纳森·戈德史密斯', '凯西·克莱尔', '班尼·安德森', '戴尔·布兰斯顿', '亚历珊德拉·福特']","['08', '07']","['喜剧', '爱情', '歌舞']",['114'],[' 英语 / 法语 / 希腊语'],['23096'],[' 英国 / 美国']
['中二病也要谈恋爱！剧场版 -Take On Me- 映画 中二病でも恋がしたい！ -Take On Me-'],['8.6'],['石原立也'],"['福山润', '内田真礼', '赤崎千夏', '浅仓杏美', '上坂堇', '长妻树里', '仙台惠理', '大塚芳忠', '保志总一朗', '岩男润子', '福原香织', '天野由梨', '冲佳苗', '井上喜久子', '设乐麻美', '山冈百合']",['01'],"['喜剧', '爱情', '动画']",['94'],[' 日语 / 意大利语'],['5421'],[' 日本']
['完美的他人 완벽한타인'],['7.4'],['李宰圭'],"['柳海真', '赵震雄', '李瑞镇', '廉晶雅', '金智秀', '宋昰昀', '尹敬浩', '智友']",['10'],"['剧情', '喜剧']",['115'],[' 韩语'],['16602'],[' 韩国']
['关于无尽 Om det oändliga'],['7.4'],['罗伊·安德森'],"['Bengt Bergius', 'Anja Broms ', 'Marie Burman', 'Amanda Davies', 'Tatiana Delaunay', 'Karin Engman', 'Jan-Eje Ferling', 'Thore Flygel', 'Lotta Forsberg', '安东·福斯蒂克', 'Fanny Forsdik', 'Anders Hellström', 'Göran Holm', 'Stefan Karlsson', 'Jessica Louthander', 'Lars Lundgren']",[],['剧情'],['78'],[' 瑞典语'],['4208'],[' 瑞典 / 德国 / 挪威']
['在蓝色时分飞翔 ブルーアワーにぶっ飛ばす'],['7.2'],['箱田优子'],"['夏帆', '沈恩京', '渡边大知', '中山裕介', '黑田大辅', '岛田久作', '南果步']",[],['剧情'],['92'],[' 日语'],['1557'],[' 日本']
['倚马而息 Calm with Horses'],['6.4'],['Nick Rowland'],"['巴里·基奥恩', '柯斯莫·贾维斯', '妮娅姆·阿尔格', '奈德·丹内利', '安东尼·威尔士', '大卫·威尔莫特', '西蒙妮·柯比', '瑞安·麦克法兰', 'Hazel Doupe', 'Lee Byford', ""Roisin O'Neill"", ""Toni O'Rourke"", 'Stephen McDade', 'Liam Carney', ""John Paul O'Driscoll""]",[],['剧情'],['101'],[' 英语'],['74'],[' 英国 / 爱尔兰']
['解放·终局营救'],['4.7'],"['李少红', '常晓阳']","['周一围', '钟汉良', '钟楚曦', '王迅', '王锵', '姜皓文', '乌兰托雅·朵', '杨幂', '潘斌龙', '傅亨', '郭麒麟', '尹子维', '魏子淇', '季路桐', '艾米', '邵兵']",[],"['剧情', '历史', '战争']",['103'],[' 汉语普通话'],['8085'],[' 中国大陆']
['陪审员 배심원들'],['7.5'],['洪承完'],"['文素丽', '朴炯植', '白秀章', '金美京', '尹敬浩', '徐正妍', '赵汉哲', '金弘波', '赵秀香', '权海骁', '太仁镐', '徐贤宇', '李容怡', '廉东宪']",[],['剧情'],['114'],[' 韩语'],['7186'],[' 韩国']
['蜜蜂与远雷 蜜蜂と遠雷'],['6.6'],['石川庆'],"['松冈茉优', '松坂桃李', '森崎温', '铃鹿央士', '臼田麻美', '千惠巳知惠美', '福岛莉拉', '真岛秀和', '片桐入', '光石研', '平田满', '齐藤由贵', '鹿贺丈史']",[],"['剧情', '音乐']",['118'],[' 日语'],['1856'],[' 日本']
['譬如朝露 ดิว ไปด้วยกันนะ'],['6.3'],['楚克·萨克瑞科'],"['Polnat Boonma', '雅琳达·邦恩纳克', 'Yarinda Bunnag', 'Apasiri Chantrasmi', '萨达农·杜隆卡沃', 'Pawat Jitsawangdee', '苏格拉瓦·卡那诺', 'Pantach Kankham', 'Darisa Karnpob', 'Jessada Kowiboonchai', 'Nattapong Kulsathid', 'Maytichai Nangwong', 'Chanakarn Niruttipaworn', 'Patchamon Park', '欧帕瓦·吉沙晚迪']",[],"['剧情', '爱情', '同性']",['123'],[' 泰语'],['4012'],[' 泰国']
['超龄少女 Oh Baby...'],['8.4'],['Nandini Reddy'],"['萨曼莎·鲁斯·帕布', 'Rajendra Prasad', 'Lakshmi']",[],"['剧情', '歌舞', '奇幻']",['157'],[' 泰卢固语'],['558'],[' 印度']
['词典 말모이'],['7.7'],['严宥娜'],"['柳海真', '尹启相', '金弘波', '禹贤', '金太勋', '艺秀晶', '赵贤哲']",[],"['剧情', '历史']",['135'],[' 韩语'],['4587'],[' 韩国']
['白小姐 미쓰백'],['7.4'],['李智媛'],"['韩智敏', '金诗雅', '李熙俊', '权素贤', '白秀章', '金善映', '全锡浩', '李周英', '赵敏俊', ' 金俊范', '郑京虎', '金浩昌', '刘贞莱', '尹颂雅', '琴东贤', '李静恩', '张荣男']",['10'],['剧情'],['98'],[' 韩语'],['6772'],[' 韩国']
['最长一枪'],['6.1'],['徐顺利'],"['王志文', '余男', '李立群', '许亚军', '夏克立', '高捷', '余皑磊', '赵铭岳', '白澍', '王冠杰', '康斯坦丁·科玖霍夫', '法比安·卢查瑞尼']",[],"['剧情', '动作']",['125'],[' 汉语普通话'],['14214'],[' 中国大陆 / 澳大利亚']
['黄子华栋笃笑之金盆𠺘口 黄子华栋笃笑之金盆啷口'],['9.5'],['黄子华'],['黄子华'],['07'],['喜剧'],['160'],[' 粤语'],['1654'],[' 中国香港']
['古董局中局之佛头起源'],['8.0'],['袁菲'],"['潘粤明', '丁溪鹤']",[],['冒险'],['20'],[' 汉语普通话'],['1995'],[' 中国大陆']
['再见，嘴唇 さよならくちびる'],['7.1'],['盐田明彦'],"['小松菜奈', '门胁麦', '成田凌', '筱山辉信', '松本真里香', '新谷YUZUMI', '日高麻铃', '青柳尊哉', '松浦祐也', '筱原友希子', '槙田雄司']",[],['音乐'],['116'],[' 日语'],['4603'],[' 日本']
['鹿皮 Le daim'],['6.8'],['昆汀·杜皮约'],"['让·杜雅尔丹', '阿黛拉·哈内尔', '艾伯特·德尔佩', '科拉莉·吕西耶', '玛丽·布奈尔', '马克西姆·德瑞森', '朱莉娅·福雷', 'Pierre Gommé', 'Laurent Nicolas', 'Stéphane Jobert', 'Franck Lebreton', 'Panayotis Pascot', '塞夫·哈杰迪', 'Maryne Cayon']",[],['喜剧'],['77'],[' 法语'],['4150'],[' 法国']
['每天回家都会看到老婆在装死 家に帰ると妻が必ず死んだふりをしています。'],['6.7'],['李斗士男'],"['荣仓奈奈', '安田显', '大谷亮平', '野野澄花', '浅野和之', '品川彻', '萤雪次朗']",['06'],['喜剧'],['115'],[' 日语'],['8355'],[' 日本']
['一生有你2019'],['4.1'],['卢庚戌'],"['徐娇', '谢彬彬', '晏紫东', '黄婷婷', '吕绍聪', '金志文', '曾黎', '保剑锋', '卢庚戌', '缪杰', '潘斌龙', '易小星']",[],['爱情'],['90'],[' 汉语普通话'],['5258'],[' 中国大陆']
['阿修罗'],['3.1'],['张鹏'],"['吴磊', '梁家辉', '刘嘉玲', '张艺上', '冯嘉怡', '明道', '董琦', '多布杰']",['07'],"['动作', '爱情', '奇幻']",['141'],[' 汉语普通话'],['16399'],[' 中国大陆']
['重金属囧途 Hevi reissu'],['7.7'],"['裘索·拉提欧', '尤加·维迪葛伦']","['托尔斯坦·比约克朗德', '安蒂·希海基宁', '维尔·希尔卡', '约翰内斯·霍洛佩宁', '萨穆利·贾斯基奥', '明卡·库斯顿', '凯·莱蒂宁', '皮霍·朗卡', '锡尼卡·莫克尔拉', '麦克斯·奥瓦斯卡', '佩尔蒂·斯维霍姆', '马尔蒂·斯利亚', '威利·蒂奥宁']",['03'],"['喜剧', '音乐']",['92'],[' 芬兰语 / 英语 / 挪威语'],['8126'],[' 芬兰 / 挪威']
['挪威7·22爆炸枪击案 22 July'],['7.5'],['保罗·格林格拉斯'],"['安德斯·丹尼尔森·李', '乔纳斯·斯特兰德·格利', '乔恩·奥伊登', '玛丽亚·波克', '托尔比约恩·哈尔', '乌里克·汉森·多维根', '托恩·丹尼尔森', '安尼克·冯·德·利佩', '拉尔斯·阿兰兹-汉森', '爱因德·伊恩沃德']","['09', '10']","['剧情', '历史', '犯罪']",['143'],[' 英语'],['8854'],[' 挪威 / 冰岛 / 美国']
['印度有嘻哈 गली बॉय'],['7.5'],['卓娅·阿赫塔尔'],"['兰维尔·辛格', '阿莉雅·布哈特', '希坦特·查杜尔韦迪', '维贾伊·拉齐', '阿姆鲁塔·苏巴什', '维杰·维玛', '卡琪·柯切林', '伊赫拉·克汗', '谢巴·查达', '乔蒂·苏巴', '拉胡尔·皮斯克', '纳库尔·萨赫德娃', '舒蒂·乔汉', '艾西瓦娅·德赛', '库布拉·萨特', '索纳利·萨查德夫']",[],"['剧情', '音乐']",['153'],[' 印地语'],['3926'],[' 印度']
['夕雾花园 The Garden of Evening Mists'],['7.2'],['林书宇'],"['李心洁', '阿部宽', '张艾嘉', '大卫·奥克斯', '朱利安·山德斯', '约翰·汉纳', '林宣妤', '陈琼华', '谢振刚', 'Naeim Ghalili']",[],"['剧情', '历史']",['120'],[' 英语 / 粤语 / 日语 / 马来语'],['2318'],[' 马来西亚 / 英国']
['侦探2 탐정: 리턴즈'],['6.6'],['李彦禧'],"['权相宇', '成东日', '李光洙', '徐英姬', '郑妍珠', '孙丹菲', '金东旭', '李一花']",['06'],"['喜剧', '犯罪']",['116'],[' 韩语'],['6462'],[' 韩国']
['翠丝 翠絲'],['6.9'],['李骏硕'],"['姜皓文', '惠英红', '黄河', '袁富华', '余香凝', '吴肇轩', '周祉君', '陈蕾', '葛民辉', '岑珈其', '梁舜燕', '顾定轩', '黄溢濠', '李昭南', '陈志全']","['11', '10']","['剧情', '同性']",['119'],[' 粤语'],['11382'],[' 中国香港']
['恶霸警察 악질경찰'],['6.7'],['李桢凡'],"['李善均', '全素妮', '朴海俊', '宋永彰', '朴秉恩', '金敏载', '郑家蓝', '尹亨国']",[],"['剧情', '犯罪']",['127'],[' 韩语'],['4324'],[' 韩国']
['最后一搏 The Last Full Measure'],['6.7'],['托德·罗宾森'],"['塞缪尔·杰克逊', '塞巴斯蒂安·斯坦', '克里斯托弗·普卢默', '布莱德利·惠特福德', '彼得·方达', '艾德·哈里斯', '艾莉森·萨多尔', '杰瑞米·艾文', '威廉·赫特', '戴安·拉德', '迈克尔·因佩里奥利', '莱纳斯·罗彻', '埃米·马迪根', '约翰·萨维奇', '罗伯特·派恩', '扎齐·罗伊瑞格', '麦克斯·盖尔', '丽莎盖伊·汉密尔顿', '代尔·戴', '瑟达吕斯·布兰', '柯迪·沃克', '特拉维斯·阿隆·韦德', '詹姆斯·贾格尔', '维布尔·弗利茨杰拉德', '理查德·考索恩', '里克·赖茨', '阿瑟·迈尔斯·法里卡', '朱利安·亚当斯', '丹·雷诺兹', '贾迈尔·钱伯斯', '罗宾·戴克', '胡安·贾斯帕', '佩里·约翰逊', '奥罗拉·卡琳', '瑞恩·牛顿', '帕蒂·舍尔哈斯', '特拉维斯·汤普森', '罗伯特·廷斯利', '马丁·科平', '泰勒·罗宾逊']",[],"['剧情', '战争']",['110'],[' 英语'],['1861'],[' 美国']
['丧尸未逝 The Dead Don&#39;t Die'],['5.7'],['吉姆·贾木许'],"['科洛·塞维尼', '亚当·德赖弗', '蒂尔达·斯文顿', '史蒂夫·布西密', '奥斯汀·巴特勒', '比尔·默瑞', '卡赖伯·兰德里·琼斯', '赛琳娜·戈麦斯', '卡罗尔·凯恩', '汤姆·威兹', '罗茜·佩雷兹', '丹尼·格洛弗', '罗伯特·菲茨杰拉德·迪格斯', '伊基·波普', '罗莎尔·卡农', '萨拉·戴维']",[],"['喜剧', '恐怖']",['104'],[' 英语'],['12821'],[' 美国 / 瑞典']
['孤独的美食家 2019除夕特别篇 孤独のグルメ 2019大晦日スペシャル'],['8.8'],[],"['松重丰', '安藤樱', '宇梶刚士', '六平直政']",[],['剧情'],['75'],[' 日语'],['2825'],[' 日本']
['切尔诺贝利之春 Un printemps à Tchernobyl'],['8.0'],['小野败仔'],"['于越', '森中人', '冷泉夜月']",['04'],"['剧情', '动画', '历史', '灾难']",['13'],[' 汉语普通话'],['3595'],[' 中国大陆']
['最美年华 Les plus belles années d&#39;une vie'],['7.4'],['克洛德·勒卢什'],"['让-路易·特兰蒂尼昂', '阿努克·艾梅', '玛丽安娜·德尼库尔', '莫妮卡·贝鲁奇', '苏德·阿米多', 'Antoine Sire', 'Tess Lauvergne', 'Vincent Vinel', 'Bernard Warnas', 'Laurent Dassault', 'Laurent Prudhomme', 'Benjamin Patou', 'Jean-Yves Cressenville']",[],"['剧情', '爱情']",['90'],[' 法语'],['578'],[' 法国']
['你能原谅我吗？ Can You Ever Forgive Me?'],['7.2'],['玛丽埃尔·海勒'],"['梅丽莎·麦卡西', '理查德·E·格兰特', '多莉·韦尔斯', '本·法尔科内', '格里高利·克洛斯蒂舍夫斯基', '简·库丁', '斯蒂芬·斯皮内拉', '克里斯蒂安·纳瓦罗', '普·班德赫', '埃里克·拉雷·哈维', '布兰登·斯科特·琼斯', '雪伊·德林恩', '罗莎尔·卡农', '安娜·迪佛·史密斯', '马克·埃文·杰克逊', 'Marcella Lowery', '罗伯塔·瓦拉赫', '蒂娜·本科', '乔安娜·阿德勒', '迈克尔·西里尔·克赖顿', '爱丽丝·克雷梅尔堡', '露西·德维托', '贾斯汀·邦德', '马米·科西科', '扎布丽娜·格瓦拉', 'Ron Maestri', '阿曼德·里斯科', 'Liz Eng', '桃乐丝·麦卡锡', 'Bill Walters']","['09', '10']","['剧情', '喜剧', '传记', '犯罪']",['106'],[' 英语'],['7756'],[' 美国']
['野性 Sauvage'],['7.0'],['卡米尔·维达-那克'],"['费利克斯·马利陶德', '埃里克·伯纳德', '尼古拉斯·迪布拉', '菲利普·奥雷尔']","['05', '08']","['剧情', '情色', '同性']",['99'],[' 法语'],['5414'],[' 法国']
['冥王星时刻'],['6.5'],['章明'],"['王学兵', '刘丹', '曾美慧孜', '易平', '易大千', '李心然', '母其弥雅']","['12', '05']",['剧情'],['110'],[' 汉语普通话'],['12652'],[' 中国大陆']
['郊区的鸟'],['6.5'],['仇晟'],"['李淳', '黄璐', '龚子涵', '邓竞', '刘琦', '许烁', '钱炫邑']",['07'],['剧情'],['118'],[' 汉语普通话'],['1405'],[' 中国大陆']
['鬼镇事件簿 Répertoire des villes disparues'],['6.3'],['德尼·科泰'],"['让-米歇尔·安蒂尔', '诺曼德·卡瑞尔', '拉里萨·科里韦', '乔西·德斯克内斯', '雷米·古莱', '雷切尔·格拉顿', '黛安·拉瓦雷', '罗伯特·内勒', '若瑟琳·祖科']",[],"['剧情', '奇幻']",['97'],[' 法语'],['1089'],[' 加拿大']
['星之来客 To The Stars'],['6.2'],['玛莎·斯蒂芬斯'],"['玛琳·阿克曼', '乔丹娜·斯皮罗', '托尼·海尔', '丽亚娜·莱伯拉托', '谢伊·惠格姆', '卢卡斯·杰德·祖曼', '阿德莱德·克莱蒙丝', '卡拉·海沃德', '麦迪逊·贝蒂', '蒂娜·帕克', '娜塔莉.苏珊娜.加奈尔黛', 'J·D·埃弗摩尔', '布兰登·斯坦利', '索菲亚·贝尔利', 'Doug Jackson', 'Farah White', 'Quinn Gasaway']",[],['剧情'],['109'],[' 英语'],['92'],[' 美国']
['麻药王 마약왕'],['5.9'],['禹民镐'],"['宋康昊', '曹政奭', '裴斗娜', '金素真', '金大明', '李星民', '李姬珍', '赵宇镇', '尹宰文', '宋永彰', '金海坤', '李仲玉', '李熙俊', '朴庆惠']",['12'],"['剧情', '动作', '犯罪']",['139'],[' 韩语 / 日语'],['10279'],[' 韩国']
['道高一丈'],['4.9'],['姜凯阳'],"['聂远', '谭凯', '徐露', '于明加', '曲高位', '张陆', '程煜', '宋春丽', '刘小宁', '石兆琪', '董博睿', '彭凌', '刘泳希', '王志刚', '史光辉', '袁满']",['09'],"['剧情', '悬疑', '犯罪']",['96'],[' 汉语普通话'],['7613'],[' 中国大陆']
['冷溪营地 Camp Cold Brook'],['4.1'],['安迪·帕尔默'],"['丹妮尔·哈丽丝', '查德·迈克尔·墨瑞', '考特尼·盖恩斯', '凯特·琼斯', '迈克尔·埃里克·里德', '康迪斯·德·维瑟', '朱丽叶·吉达', 'Mary Kathryn Bryant', 'Jason Van Eman', 'Corbin Tyler']",['08'],['恐怖'],['86'],[' 英语'],['121'],[' 美国']
['小猪佩奇过大年'],['3.9'],"['张大鹏', '内维尔·阿斯特利', '马克·贝克', '尤里斯·范·侯辛', '莎拉·罗珀']","['朱亚文', '刘芸', '归亚蕾', '方青卓', '李大光', '常蓝天', '王圣迪', '单禹豪', '陈奕雯', '张安琪', '符冲', '范楚绒', '姜玉玲', '周一菡', '孙晔', '贾邱']",[],"['动画', '歌舞', '家庭', '儿童']",['81'],[' 汉语普通话 / 英语'],['12058'],[' 中国大陆 / 英国']
['独孤：倒回 독고 리와인드'],['8.1'],['崔恩重'],"['吴世勋', '姜美娜', '李济延', '金熙镇', '姜多贤', '安普贤']",['09'],['动作'],['200'],[' 韩语'],['3197'],[' 韩国']
['神童 The Prodigy'],['6.0'],['尼古拉斯·麦卡锡'],"['泰勒·席林', '布列塔尼·艾伦', '杰克逊·罗伯特·斯科特', '科鲁姆·费奥瑞', '彼得·穆尼', '奥妮克·阿德莉', '艾丽莎·莫勒切里', '宝拉·布德罗', '保罗·福托', '戴维·科赫史密斯', '马克·史派克', '迈克尔·戴森']",[],"['惊悚', '恐怖']",['92'],[' 英语'],['5953'],[' 美国 / 加拿大']
['黄阿丽：铁娘子 Ali Wong: Hard Knock Wife'],['8.3'],['杰伊·卡拉斯'],['黄阿丽'],['05'],"['喜剧', '脱口秀']",['64'],[' 英语'],['9026'],[' 美国']
['妈妈不在家 Los Lobos'],['7.1'],['塞缪尔·基希'],"['玛莎·雷耶斯·阿里娅斯', '马克西米利亚诺·纳贾·马奎兹', '莱昂纳多·纳贾·马奎兹', '刘慈慈', 'Johnson T. Lau', 'Kevin Medina', 'Josiah Grado', 'Marvin Ramírez', 'Alejandro Banteah', 'Edwin Ramírez', 'Aylin Payen', 'Shacty Díaz', 'María Teresa Herrera', 'Amy Puente', 'Celine R. Lopez']",[],"['剧情', '儿童']",['94'],[' 西班牙语 / 英语 / 粤语'],['71'],[' 墨西哥 / 美国']
['红色之子·单刀赴会'],['7.1'],['王路沙'],"['李肖宁', '契那日图', '李春明', '塔娜花日', '刚照日嘎', '白那日苏', '阿古', '刘鹏云']",[],"['动作', '传记', '历史']",['96'],[],['807'],[' 中国大陆']
['八年级 Eighth Grade'],['6.6'],['博·伯翰'],"['艾尔西·费舍尔', '约什·汉密尔顿', '艾米丽·罗宾森', '杰克·莱恩', '丹尼尔·祖尔格哈德利', '弗莱德·赫钦格', '艾曼尼·刘易斯', '卢克·普拉尔', '凯瑟琳·奥利维雷', '诺拉·姆林斯', '蜜西·雅格', '格雷戈·克罗', '弗兰克·迪尔', '黛博拉·安格', '威廉·温施', '丹·陈', '汤姆·斯特拉特福']","['01', '08']",['喜剧'],['94'],[' 英语'],['8295'],[' 美国']
['错误教育 The Miseducation of Cameron Post'],['6.6'],['戴思睿·阿卡万'],"['科洛·莫瑞兹', '萨莎·莱恩', '詹妮弗·艾莉', '小约翰·加拉赫', '福勒斯特·古德勒克', '奎恩·谢法德', '斯宾塞·李斯特', '艾米莉· 斯凯格斯', '艾萨克·吉·索尔斯坦']","['01', '08']","['剧情', '同性']",['91'],[' 英语'],['5968'],[' 美国']
['独家记忆番外之再见爱'],['6.5'],['刘畅'],"['张樟', '邓郁立', '方文强', '叶子诚', '李欢', '张超', '李婷婷', '陈博豪', '孙嘉灵', '李九霄', '龚锐']",[],['爱情'],['90'],[' 汉语普通话'],['3900'],[' 中国大陆']
['爱上谎言的女人 嘘を愛する女'],['6.4'],['中江和仁'],"['长泽雅美', '高桥一生', '内藤大湖', '川荣李奈', '黑木瞳', '吉田钢太郎']",['01'],"['剧情', '悬疑']",['118'],[' 日语'],['6670'],[' 日本']
['戈梅拉岛 La Gomera'],['6.4'],['柯内流·波蓝波宇'],"['弗拉德·伊凡诺夫', '卡特里内尔·马龙', '罗迪卡·拉泽尔', '阿古斯丁·比利亚龙加', '萨宾·塔布瑞亚', 'István Teglas', 'Cristóbal Pinto', 'Antonio Buíl', 'George Pistereanu', 'David Agranov', 'Andrei Barbu', 'Andrei Ciopec', 'Sergiu Costache', 'Julieta Szönyi']",[],"['喜剧', '犯罪']",['97'],[' 罗马尼亚语 / 英语 / 西班牙语'],['1718'],[' 罗马尼亚 / 法国 / 德国 / 瑞典']
['恋爱保质期 Almost Love'],['6.4'],['麦克·道尔'],"['凯特·沃什', '科林·唐纳', '约翰·道曼', '奥古斯图斯·珀如', '纳迪雅·达珍妮', '斯科特·埃文斯', '克里斯·亨利·科菲', '吉普森·弗雷泽', '玛丽琳·索科尔', '杰克·欧康纳', 'Chaz Lamar Shepherd', 'Brian Marc', 'Michelle Buteau', '克里斯托弗·格雷']",[],"['喜剧', '爱情']",['94'],[' 英语'],['222'],[' 美国']
['爸，我一定行的'],['6.3'],['蓝鸿春'],"['郑润奇', '郑鹏生', '张咏娴', '李树浩', '林俊鑫', '陈锦标', '周素琴', '郑辉松', '张翼就', '陈昱曦', '苏细珍']",['08'],"['剧情', '喜剧', '家庭']",['100'],[' 潮汕方言 / 汉语普通话'],['6276'],[' 中国大陆']
['二之国 二ノ国'],['5.4'],['百濑义行'],"['山崎贤人', '新田真剑佑', '永野芽郁', '宫野真守', '津田健次郎', '坂本真绫', '山寺宏一', '梶裕贵', '伊武雅刀', '室毅']",[],['动画'],['106'],[' 日语'],['479'],[' 日本']
['寻找罗麦'],['4.4'],['王超'],"['韩庚', '杰瑞米·埃尔卡伊姆', '菅纫姿', '阿丽斯·德·朗克桑', '海伦·文森特', '雷诺·科恩', '胡瑞杰', '安迪·吉雷', '邓紫衣', '罗阜艺', '朱宏奇']",['04'],"['剧情', '爱情']",['83'],[' 汉语普通话 / 英语 / 藏语 / 法语'],['5748'],[' 中国大陆 / 法国']
['2019湖南卫视嗨爆夜'],[''],[],"['王一博', '刘宪华', '沈腾', '尚雯婕', '吴亦凡', '肖战', '蔡依林', '大张伟', '黄晓明', '吉克隽逸', '江疏影', '江映蓉', '刘宇宁', '那吾克热·玉素甫江', 'R1SE', '容祖儿', '魏大勋', '王菊', '吴青峰', '汪苏泷', '许魏洲', '杨洋', '周笔畅', '周冬雨', '张靓颖', '郑爽', '赵薇']",[],"['歌舞', '真人秀']",[],[' 汉语普通话'],[],[' 中国大陆']
['丹尼尔·斯洛斯：X Daniel Sloss: X'],['9.3'],['丹尼尔·斯洛斯'],['丹尼尔·斯洛斯'],[],"['喜剧', '脱口秀']",['89'],[' 英语'],['700'],[' 美国']
['心理测量者SS1：罪与罚 PSYCHO-PASS サイコパス Sinners of the System Case.1「罪と罰」'],['7.1'],['盐谷直义'],"['野岛健儿', '佐仓绫音', '弓场沙织', '平井祥惠', '冈宽惠', '小山力也', '齐藤贵美子', '多田野曜平', '中川庆一', '花泽香菜', '东地宏树', '樱井孝宏', '伊藤静', '泽城美雪']",[],"['动作', '动画', '犯罪']",['59'],[' 日语'],['2907'],[' 日本']
['李尔王 King Lear'],['7.0'],['理查德·艾尔'],"['安东尼·霍普金斯', '艾玛·汤普森', '艾米丽·沃森', '弗洛伦丝·皮尤', '吉姆·布劳德本特', '吉姆·卡特', '托比亚斯·门基斯', '约翰·麦克米兰', '安东尼·凯尔夫', '西蒙·曼永达', 'Chukwudi Iwuji', '卡尔·约翰逊', 'Samuel Valentine', '安德鲁·斯科特', '克里斯托弗·埃克莱斯顿', '阿琳泽·科纳', '约翰·斯坦丁', '拉裴尔·德普雷', '肖恩·狄克逊', '通恰伊·古奈什', '所罗门·塔伊沃·贾斯提费尔德', '伯纳多·桑托斯']",['05'],['剧情'],['115'],[' 英语'],['2779'],[' 英国']
['余波 The Aftermath'],['6.6'],['詹姆斯·肯特'],"['亚历山大·斯卡斯加德', '凯拉·奈特莉', '杰森·克拉克', '凯特·菲利普斯', '费昂·奥谢', '雅尼克·许曼', '亚历山大·谢尔', '吉姆·海伊', '弗雷德里克·普雷斯顿', '汤姆·贝尔', 'Abigail Rice', 'Logan Hillier', 'Flora Thiemann', 'Joseph Arkley', '克劳迪娅·瓦西科娃']",[],"['剧情', '爱情', '战争']",['108'],[' 英语'],['5075'],[' 英国 / 美国 / 德国']
['黑夜吞噬世界 La nuit a dévoré le monde'],['6.5'],['多米尼克·罗彻'],"['安德斯·丹尼尔森·李', '格什菲·法拉哈尼', '德尼·拉旺', '西格丽·博阿茨兹', '大卫·卡门诺斯']",['03'],['恐怖'],['93'],[' 挪威语 / 英语'],['4587'],[' 法国']
['金翅雀 The Goldfinch'],['6.5'],['约翰·克劳利'],"['安塞尔·艾尔高特', '妮可·基德曼', '莎拉·保罗森', '菲恩·伍法德', '阿什莉·卡明斯', '卢克·威尔逊', '杰弗里·怀特', '阿奈林·巴纳德', '卢克·克莱恩坦克', '彼得·雅各布森', '丹尼斯·欧哈拉', '薇拉·菲茨杰拉德', '罗伯特·乔伊', '乔伊·斯洛特尼克', '奥克斯·费格雷', '卡罗琳·戴', '马德奥·范·德·格里恩', '桃乐丝·麦卡锡', '艾米·劳伦斯', '戈登·威纳里克', '蕾切尔·德·拉·托尔', '尼基·陶起亚', '罗伯特·约翰·加拉格尔', '汉克·罗杰森', '阿尔顿·菲茨杰拉德·怀特', '本·霍兰兹沃思', '瑞克·博兰德', '阿尔玛·奎尔沃']",[],['剧情'],['149'],[' 英语'],['2541'],[' 美国']
['使徒 Apostle'],['6.3'],['加雷斯·埃文斯'],"['丹·史蒂文斯', '麦克·辛', '露西·宝通', '比尔·米尔纳', '理查德·艾尔芬', '克里斯汀·弗劳赛斯', '马克·路易斯·琼斯', '埃伦·里斯', '保罗·希金斯', '罗斯·奥亨尼西', '斯图尔特·麦克尼尔', '安妮斯·埃尔维']",['10'],"['悬疑', '惊悚', '恐怖']",['130'],[' 英语'],['4811'],[' 美国']
['热情花招 ホットギミック ガールミーツボーイ'],['6.3'],['山户结希'],"['堀未央奈', '清水寻也', '板垣瑞生', '间宫祥太朗', '樱田日和', '上村海成', '吉川爱', '志磨辽平', '黑泽明日香', '高桥和也', '反町隆史', '吉冈里帆']",[],['剧情'],['119'],[' 日语'],['1281'],[' 日本']
